﻿<?xml version="1.0" encoding="utf-8"?>
<!-- This list contains names with specific casing - and specific to English only -->
<names>
  <blacklist>
    <name>Bill</name>
    <name>Black</name>
    <name>Male</name>
  </blacklist>
  <name>Aarav</name>
  <name>Abbey</name>
  <name>Abbie</name>
  <name>Abi</name>
  <name>Abril</name>
  <name>Accra</name>
  <name>Ada</name>
  <name>Adalyn</name>
  <name>Adalynn</name>
  <name>Addilyn</name>
  <name>Addis Ababa</name>
  <name>Addisyn</name>
  <name>Adelina</name>
  <name>Adeline</name>
  <name>Adelyn</name>
  <name>Adelynn</name>
  <name>Adonis</name>
  <name>Adrien</name>
  <name>Adyson</name>
  <name>Afghan</name>
  <name>Afghanistan</name>
  <name>Afghans</name>
  <name>Africa</name>
  <name>African</name>
  <name>Agoura</name>
  <name>Aidyn</name>
  <name>Aileen</name>
  <name>Aimee</name>
  <name>Ainsley</name>
  <name>Aiyana</name>
  <name>Akira</name>
  <name>Alaina</name>
  <name>Alana</name>
  <name>Åland Islands</name>
  <name>Alani</name>
  <name>Alanna</name>
  <name>Alaya</name>
  <name>Alayah</name>
  <name>Alayna</name>
  <name>Albania</name>
  <name>Albanian</name>
  <name>Albanians</name>
  <name>Albrecht</name>
  <name>Albuterol</name>
  <name>Aldus Manutius</name>
  <name>Aleah</name>
  <name>Aleena</name>
  <name>Aleigha</name>
  <name>Alejandra</name>
  <name>Aleksandr Isayevich Solzhenitsyn</name>
  <name>Aleksandr Solzhenitsyn</name>
  <name>Alena</name>
  <name>Alexia</name>
  <name>Algeria</name>
  <name>Algerian</name>
  <name>Algerians</name>
  <name>Algiers</name>
  <name>Ali</name>
  <name>Alia</name>
  <name>Alianna</name>
  <name>Alina</name>
  <name>Alivia</name>
  <name>Aliya</name>
  <name>Aliyah</name>
  <name>Aliza</name>
  <name>Alma</name>
  <name>Alondra</name>
  <name>Alyson</name>
  <name>Alyvia</name>
  <name>Amalia</name>
  <name>Amani</name>
  <name>Amare</name>
  <name>Amaya</name>
  <name>Amelie</name>
  <name>American</name>
  <name>American Samoa</name>
  <name>Americans</name>
  <name>Americas</name>
  <name>Amina</name>
  <name>Amira</name>
  <name>Amirah</name>
  <name>Amiya</name>
  <name>Amiyah</name>
  <name>Amos</name>
  <name>Amya</name>
  <name>Anabel</name>
  <name>Anabella</name>
  <name>Anabelle</name>
  <name>Anahi</name>
  <name>Analia</name>
  <name>Anaya</name>
  <name>Andorra</name>
  <name>Andorran</name>
  <name>Andorrans</name>
  <name>Angelique</name>
  <name>Angola</name>
  <name>Angolan</name>
  <name>Angolans</name>
  <name>Anguilla</name>
  <name>Anheuser</name>
  <name>Aniya</name>
  <name>Aniyah</name>
  <name>Annabel</name>
  <name>Annabell</name>
  <name>Annabella</name>
  <name>Annalise</name>
  <name>Ansley</name>
  <name>Antarctica</name>
  <name>Antigua &amp; Barbuda</name>
  <name>Antigua and Barbuda</name>
  <name>Antiguans</name>
  <name>Arabella</name>
  <name>Arabia</name>
  <name>Araceli</name>
  <name>Archer</name>
  <name>Arely</name>
  <name>Argentina</name>
  <name>Argentine</name>
  <name>Argentinean</name>
  <name>Argentines</name>
  <name>Ariana</name>
  <name>Ariella</name>
  <name>Arielle</name>
  <name>Arkenstone</name>
  <name>Arlo</name>
  <name>Armenia</name>
  <name>Armenian</name>
  <name>Armenians</name>
  <name>Arnav</name>
  <name>Aruba</name>
  <name>Arubans</name>
  <name>Aryana</name>
  <name>Aryanna</name>
  <name>Ascension Island</name>
  <name>Ashleigh</name>
  <name>Ashlyn</name>
  <name>Ashlynn</name>
  <name>Ashtyn</name>
  <name>Asia</name>
  <name>Athens</name>
  <name>Atlantic</name>
  <name>Atticus</name>
  <name>Attorney General</name>
  <name>Aubree</name>
  <name>Aubri</name>
  <name>Aubrianna</name>
  <name>Aubrie</name>
  <name>Audriana</name>
  <name>Audrianna</name>
  <name>Audrina</name>
  <name>Aurora</name>
  <name>Australasia</name>
  <name>Australia</name>
  <name>Australian</name>
  <name>Australians</name>
  <name>Austria</name>
  <name>Austrian</name>
  <name>Austrians</name>
  <name>Autumn</name>
  <name>Avah</name>
  <name>Averi</name>
  <name>Averie</name>
  <name>Aviana</name>
  <name>Avianna</name>
  <name>Ayaan</name>
  <name>Ayana</name>
  <name>Ayanna</name>
  <name>Aydan</name>
  <name>Aydin</name>
  <name>Ayla</name>
  <name>Ayleen</name>
  <name>Aylin</name>
  <name>Azaria</name>
  <name>Azerbaijan</name>
  <name>Azerbaijani</name>
  <name>Azerbaijanis</name>
  <name>Azog</name>
  <name>Bacharach</name>
  <name>Baggins</name>
  <name>Bahamas</name>
  <name>Bahamian</name>
  <name>Bahamians</name>
  <name>Bahrain</name>
  <name>Bahraini</name>
  <name>Bahrainis</name>
  <name>Bailee</name>
  <name>Balleseros</name>
  <name>Baltic Germans</name>
  <name>Baltic Russians</name>
  <name>Bandung</name>
  <name>Bangladesh</name>
  <name>Bangladeshi</name>
  <name>Bangladeshis</name>
  <name>Barakiel</name>
  <name>Barbadian</name>
  <name>Barbadians</name>
  <name>Barbados</name>
  <name>Barbudans</name>
  <name>Baron Munchausen</name>
  <name>Baruchel</name>
  <name>Basques</name>
  <name>Batswana</name>
  <name>Bavaria</name>
  <name>Baylee</name>
  <name>Beau</name>
  <name>Beirut</name>
  <name>Belarus</name>
  <name>Belarusian</name>
  <name>Belarusians</name>
  <name>Belen</name>
  <name>Belgian</name>
  <name>Belgians</name>
  <name>Belgium</name>
  <name>Belgrade</name>
  <name>Belize</name>
  <name>Belizean</name>
  <name>Belizeans</name>
  <name>Benin</name>
  <name>Beninese</name>
  <name>Bentlee</name>
  <name>Bently</name>
  <name>Bermuda</name>
  <name>Bermudians</name>
  <name>Berne</name>
  <name>Bethan</name>
  <name>Bhutan</name>
  <name>Bhutanese</name>
  <name>Bill</name>
  <name>Birnbaum</name>
  <name>Blakely</name>
  <name>Blaze</name>
  <name>Bodhi</name>
  <name>Bogota</name>
  <name>Bolinski</name>
  <name>Bolivia</name>
  <name>Bolivian</name>
  <name>Bolivians</name>
  <name>Bombur</name>
  <name>Bonn</name>
  <name>Bonney</name>
  <name>Bosnia</name>
  <name>Bosnia &amp; Herzegovina</name>
  <name>Bosnia and Herzegovina</name>
  <name>Bosniaks</name>
  <name>Bosnian</name>
  <name>Bosnians</name>
  <name>Botswana</name>
  <name>Boutros</name>
  <name>Bouvet Island</name>
  <name>Bowen</name>
  <name>Boxster</name>
  <name>Boxter</name>
  <name>Braelyn</name>
  <name>Braelynn</name>
  <name>Brandenberg</name>
  <name>Branson</name>
  <name>Brantley</name>
  <name>Braylee</name>
  <name>Braylen</name>
  <name>Braylin</name>
  <name>Braylon</name>
  <name>Brazil</name>
  <name>Brazilian</name>
  <name>Brazilians</name>
  <name>Brazzaville</name>
  <name>Breanna</name>
  <name>Brecken</name>
  <name>Brenna</name>
  <name>Bretons</name>
  <name>Bria</name>
  <name>Bridger</name>
  <name>Briella</name>
  <name>Brielle</name>
  <name>Briley</name>
  <name>Brinley</name>
  <name>Brisa</name>
  <name>British</name>
  <name>British Indian Ocean Territory</name>
  <name>British Virgin Islanders</name>
  <name>British Virgin Islands</name>
  <name>Brogan</name>
  <name>Brooklynn</name>
  <name>Brunei</name>
  <name>Bruneian</name>
  <name>Bruneians</name>
  <name>Brussels</name>
  <name>Bryanna</name>
  <name>Brylee</name>
  <name>Bryleigh</name>
  <name>Bryn</name>
  <name>Brynlee</name>
  <name>Brynn</name>
  <name>Brysen</name>
  <name>Bucharest</name>
  <name>Buenos Aires</name>
  <name>Bulgaria</name>
  <name>Bulgarian</name>
  <name>Bulgarians</name>
  <name>Burkina Faso</name>
  <name>Burkinabe</name>
  <name>Burkinabés</name>
  <name>Burma</name>
  <name>Burmese</name>
  <name>Burnham</name>
  <name>Burundi</name>
  <name>Burundian</name>
  <name>Burundians</name>
  <name>Cade</name>
  <name>Cadence</name>
  <name>Cahill</name>
  <name>Caiden</name>
  <name>Cailyn</name>
  <name>Cairo</name>
  <name>Caitlyn</name>
  <name>Cale</name>
  <name>Cali</name>
  <name>California</name>
  <name>Callan</name>
  <name>Caltech</name>
  <name>Cambodia</name>
  <name>Cambodian</name>
  <name>Cambodians</name>
  <name>Cambria</name>
  <name>Camdyn</name>
  <name>Cameroon</name>
  <name>Cameroonian</name>
  <name>Cameroonians</name>
  <name>Camila</name>
  <name>Camilo</name>
  <name>Camryn</name>
  <name>Canada</name>
  <name>Canadian</name>
  <name>Canadians</name>
  <name>Canary Islands</name>
  <name>Canberra</name>
  <name>Cape Verde</name>
  <name>Cape Verdean</name>
  <name>Cape Verdeans</name>
  <name>Cara</name>
  <name>Caracas</name>
  <name>Caribbean</name>
  <name>Caribbean Netherlands</name>
  <name>Carissa</name>
  <name>Carlee</name>
  <name>Carleigh</name>
  <name>Carley</name>
  <name>Carlie</name>
  <name>Carly</name>
  <name>Carmelo</name>
  <name>Carolyn</name>
  <name>Casen</name>
  <name>Cassablanca</name>
  <name>Cassandra</name>
  <name>Catalans</name>
  <name>Catalina</name>
  <name>Caucasian</name>
  <name>Caydence</name>
  <name>Caylee</name>
  <name>Cayman</name>
  <name>Cayman Islands</name>
  <name>Caymans</name>
  <name>Cayson</name>
  <name>Cecelia</name>
  <name>Central African</name>
  <name>Central African Republic</name>
  <name>Central America</name>
  <name>Central Asia</name>
  <name>Ceuta &amp; Melilla</name>
  <name>Ceuta and Melilla</name>
  <name>Chad</name>
  <name>Chadian</name>
  <name>Chadians</name>
  <name>Chana</name>
  <name>Chanel</name>
  <name>Chantel</name>
  <name>Charlee</name>
  <name>Charleigh</name>
  <name>Charli</name>
  <name>Chaya</name>
  <name>Cherish</name>
  <name>Cheyanne</name>
  <name>Chile</name>
  <name>Chilean</name>
  <name>Chileans</name>
  <name>China</name>
  <name>Chinese</name>
  <name>Chloé</name>
  <name>Chongqing</name>
  <name>Christmas Island</name>
  <name>Ciara</name>
  <name>Clara</name>
  <name>Clare</name>
  <name>Clipperton Island</name>
  <name>Clooney</name>
  <name>Coachella</name>
  <name>Cocos Islands</name>
  <name>Coen</name>
  <name>Coggins</name>
  <name>Colet</name>
  <name>Cologne</name>
  <name>Colombia</name>
  <name>Colombian</name>
  <name>Colombians</name>
  <name>Colombo</name>
  <name>Colt</name>
  <name>Colten</name>
  <name>Colvin</name>
  <name>Comoran</name>
  <name>Comorians</name>
  <name>Comoros</name>
  <name>Congo</name>
  <name>Congo Republic</name>
  <name>Congo-Brazzaville</name>
  <name>Congo-Kinshasa</name>
  <name>Congolese</name>
  <name>Connery</name>
  <name>Cook Islands</name>
  <name>Copenhagen</name>
  <name>Corban</name>
  <name>Corbin</name>
  <name>Cornwell</name>
  <name>Costa Rica</name>
  <name>Costa Rican</name>
  <name>Costa Ricans</name>
  <name>Côte d’Ivoire</name>
  <name>Coverdale</name>
  <name>Cristiano</name>
  <name>Croatia</name>
  <name>Croatian</name>
  <name>Croatians</name>
  <name>Cuba</name>
  <name>Cuban</name>
  <name>Cubans</name>
  <name>Curaçao</name>
  <name>Cypriot</name>
  <name>Cypriots</name>
  <name>Cyprus</name>
  <name>Czech</name>
  <name>Czech Republic</name>
  <name>Czechia</name>
  <name>Czechs</name>
  <name>Dacca</name>
  <name>Dahlia</name>
  <name>Dalia</name>
  <name>Damari</name>
  <name>Damarion</name>
  <name>Damaris</name>
  <name>Damascus</name>
  <name>Dane</name>
  <name>Danes</name>
  <name>Danica</name>
  <name>Daniela</name>
  <name>Daniella</name>
  <name>Danika</name>
  <name>Danish</name>
  <name>Danna</name>
  <name>Dar es-Salaam</name>
  <name>Dar-es-Salaam</name>
  <name>Davina</name>
  <name>Davon</name>
  <name>Dax</name>
  <name>Dayana</name>
  <name>Deangelo</name>
  <name>Deanna</name>
  <name>Deegan</name>
  <name>Delancey</name>
  <name>Delilah</name>
  <name>Demarcus</name>
  <name>Demi</name>
  <name>Democratic Republic of the Congo</name>
  <name>Democratic Republic of Timor-Leste</name>
  <name>Denmark</name>
  <name>Derick</name>
  <name>Desiree</name>
  <name>Destinee</name>
  <name>Dhahran</name>
  <name>Diego Garcia</name>
  <name>Dipper</name>
  <name>Distephano</name>
  <name>Diya</name>
  <name>Djibouti</name>
  <name>Djiboutians</name>
  <name>Dol Guldur</name>
  <name>Dolan</name>
  <name>Dominica</name>
  <name>Dominican</name>
  <name>Dominican Republic</name>
  <name>Dominicans</name>
  <name>Dominik</name>
  <name>Dostoevsky</name>
  <name>DR Congo</name>
  <name>Dr. Grey</name>
  <name>DRC</name>
  <name>DROC</name>
  <name>Dublin</name>
  <name>Dulce</name>
  <name>Dunst</name>
  <name>Durin</name>
  <name>Dutch</name>
  <name>Dwalin</name>
  <name>E.K.G.</name>
  <name>Ean</name>
  <name>East Timor</name>
  <name>East Timorese</name>
  <name>Eastern Africa</name>
  <name>Eastern Asia</name>
  <name>Eastern Europe</name>
  <name>Easton</name>
  <name>Ecuador</name>
  <name>Ecuadorean</name>
  <name>Ecuadorian</name>
  <name>Ecuadorians</name>
  <name>Eden</name>
  <name>Efrain</name>
  <name>Egypt</name>
  <name>Egyptian</name>
  <name>Egyptians</name>
  <name>Eiffel Tower</name>
  <name>El Salvador</name>
  <name>Elaina</name>
  <name>Elian</name>
  <name>Eliana</name>
  <name>Elianna</name>
  <name>Elise</name>
  <name>Eliseo</name>
  <name>Elisha</name>
  <name>Eliza</name>
  <name>Elliana</name>
  <name>Elliott</name>
  <name>Elyse</name>
  <name>Ember</name>
  <name>Emelia</name>
  <name>Emerson</name>
  <name>Emersyn</name>
  <name>Emery</name>
  <name>Emilee</name>
  <name>Emiliano</name>
  <name>Emirates</name>
  <name>Emiratis</name>
  <name>Emirian</name>
  <name>Emmalee</name>
  <name>Emmalyn</name>
  <name>Emmitt</name>
  <name>Emmy</name>
  <name>English</name>
  <name>Enoch</name>
  <name>Entebbe</name>
  <name>Enzo</name>
  <name>Equatoguinean</name>
  <name>Equatoguineans</name>
  <name>Equatorial</name>
  <name>Equatorial Guinea</name>
  <name>Equatorial Guinean</name>
  <name>Equatorial Guineans</name>
  <name>Erebor</name>
  <name>Erick</name>
  <name>Eritrea</name>
  <name>Eritrean</name>
  <name>Eritreans</name>
  <name>Esme</name>
  <name>Esmeralda</name>
  <name>Estonia</name>
  <name>Estonian</name>
  <name>Estonians</name>
  <name>Estrella</name>
  <name>Eswatini</name>
  <name>Ethen</name>
  <name>Ethiopia</name>
  <name>Ethiopian</name>
  <name>Ethiopians</name>
  <name>Europe</name>
  <name>European</name>
  <name>European Union</name>
  <name>Europeans</name>
  <name>Eurozone</name>
  <name>Eva</name>
  <name>Evadne</name>
  <name>Evangelical</name>
  <name>Evangelicals</name>
  <name>Evangeline</name>
  <name>Evelynn</name>
  <name>Evie</name>
  <name>Ezequiel</name>
  <name>Ezra</name>
  <name>F.O.B.</name>
  <name>Falcone</name>
  <name>Falkland Islanders</name>
  <name>Falkland Islands</name>
  <name>Farell</name>
  <name>Faroe Islands</name>
  <name>Faroese</name>
  <name>Farrah</name>
  <name>Fassbach</name>
  <name>Faye</name>
  <name>February</name>
  <name>Federal Bureau of Investigation</name>
  <name>Fernanda</name>
  <name>Fiji</name>
  <name>Fijian</name>
  <name>Fijians</name>
  <name>Filipino</name>
  <name>Filipinos</name>
  <name>Finland</name>
  <name>Finn</name>
  <name>Finney</name>
  <name>Finnish</name>
  <name>Finnish Swedish</name>
  <name>Finns</name>
  <name>Fisher</name>
  <name>Flexx</name>
  <name>Florenz</name>
  <name>France</name>
  <name>Frances</name>
  <name>Franco</name>
  <name>Frankfort</name>
  <name>Frankfurt</name>
  <name>French</name>
  <name>French citizens</name>
  <name>French Guiana</name>
  <name>French Metropolitan</name>
  <name>French Polynesia</name>
  <name>French Southern Territories</name>
  <name>Freya</name>
  <name>Froot Loops</name>
  <name>Fyodor Dostoevsky</name>
  <name>Fyodor Mikhailovich Dostoevsky</name>
  <name>Gabon</name>
  <name>Gabonese</name>
  <name>Gaboneses</name>
  <name>Gabor</name>
  <name>Gabriela</name>
  <name>Gael</name>
  <name>Gage</name>
  <name>Gaige</name>
  <name>Galilea</name>
  <name>Galliard</name>
  <name>Gambia</name>
  <name>Gambian</name>
  <name>Gambians</name>
  <name>Garfield</name>
  <name>Gauge</name>
  <name>Gavyn</name>
  <name>Genesis</name>
  <name>Georgia</name>
  <name>Georgian</name>
  <name>Georgians</name>
  <name>Georgiou</name>
  <name>Gerard Depardieu</name>
  <name>Gerardo</name>
  <name>German</name>
  <name>Germans</name>
  <name>Germany</name>
  <name>Ghana</name>
  <name>Ghanaian</name>
  <name>Ghanaians</name>
  <name>Giada</name>
  <name>Giana</name>
  <name>Giancarlo</name>
  <name>Gianna</name>
  <name>Gianni</name>
  <name>Gibralta</name>
  <name>Gibraltar</name>
  <name>Gibraltarians</name>
  <name>Gil</name>
  <name>Gill</name>
  <name>Giovani</name>
  <name>Giovanna</name>
  <name>Giovanny</name>
  <name>Gisselle</name>
  <name>Giuliana</name>
  <name>Gracelyn</name>
  <name>Gracelynn</name>
  <name>Grady</name>
  <name>Grand Canyon</name>
  <name>Grant</name>
  <name>Graysen</name>
  <name>Great Britain</name>
  <name>Greece</name>
  <name>Greek</name>
  <name>Greek Macedonians</name>
  <name>Greeks</name>
  <name>Greenland</name>
  <name>Greenlanders</name>
  <name>Greenway</name>
  <name>Grenada</name>
  <name>Grenadian</name>
  <name>Grenadians</name>
  <name>Greta</name>
  <name>Grey's Anatomy</name>
  <name>Greyson</name>
  <name>Grindelwald</name>
  <name>Grosvenor</name>
  <name>Guadalupe</name>
  <name>Guadeloupe</name>
  <name>Guam</name>
  <name>Guangzhou</name>
  <name>Guatemala</name>
  <name>Guatemalan</name>
  <name>Guatemalans</name>
  <name>Guernsey</name>
  <name>Guianese</name>
  <name>Guillermo</name>
  <name>Guinea</name>
  <name>Guinea-Bissau</name>
  <name>Guinea-Bissau nationals</name>
  <name>Guinea-Bissauan</name>
  <name>Guinean</name>
  <name>Guineans</name>
  <name>Guyana</name>
  <name>Guyanese</name>
  <name>Guyaneses</name>
  <name>H.U.D.</name>
  <name>Hadassah</name>
  <name>Haiden</name>
  <name>Hailee</name>
  <name>Hailey</name>
  <name>Haiti</name>
  <name>Haitian</name>
  <name>Haitians</name>
  <name>Haleigh</name>
  <name>Hallie</name>
  <name>Hamburg</name>
  <name>Hamza</name>
  <name>Hana</name>
  <name>Hanoi</name>
  <name>Harlow</name>
  <name>Harmony</name>
  <name>Hattie</name>
  <name>Havanno</name>
  <name>Hawaii</name>
  <name>Hawaiian</name>
  <name>Hawaiians</name>
  <name>Haylee</name>
  <name>Hayleigh</name>
  <name>Hayley</name>
  <name>Haylie</name>
  <name>Hazel</name>
  <name>Heard &amp; McDonald Islands</name>
  <name>Heard and McDonald Islands</name>
  <name>Heath</name>
  <name>Hebrew</name>
  <name>Helsinki</name>
  <name>Hendrix</name>
  <name>Herzegovina</name>
  <name>Herzegovinian</name>
  <name>Hezekiah</name>
  <name>Hirschberg</name>
  <name>Ho Chi Minh City</name>
  <name>Hoggart</name>
  <name>Holden</name>
  <name>Holly</name>
  <name>Holy See</name>
  <name>Honduran</name>
  <name>Hondurans</name>
  <name>Honduras</name>
  <name>Hong Kong</name>
  <name>Hong Kong SAR China</name>
  <name>Hong Kongers</name>
  <name>Hungarian</name>
  <name>Hungarians</name>
  <name>Hungary</name>
  <name>Iceland</name>
  <name>Icelander</name>
  <name>Icelanders</name>
  <name>Icelandic</name>
  <name>Iggy</name>
  <name>Ignacio</name>
  <name>Iker</name>
  <name>I-Kiribati</name>
  <name>Iliana</name>
  <name>Imani</name>
  <name>Imogen</name>
  <name>India</name>
  <name>Indian</name>
  <name>Indians</name>
  <name>Indonesia</name>
  <name>Indonesian</name>
  <name>Indonesians</name>
  <name>Ingvarsson</name>
  <name>Iran</name>
  <name>Iranian</name>
  <name>Iranians</name>
  <name>Iraq</name>
  <name>Iraqi</name>
  <name>Iraqis</name>
  <name>Ireland</name>
  <name>Iris</name>
  <name>Irish</name>
  <name>Irvin</name>
  <name>Isabela</name>
  <name>Isai</name>
  <name>Isaias</name>
  <name>Ishaan</name>
  <name>Isiah</name>
  <name>Isis</name>
  <name>Isla</name>
  <name>Islamabad</name>
  <name>Islas Malvinas</name>
  <name>Isle of Man</name>
  <name>Israel</name>
  <name>Israeli</name>
  <name>Israelis</name>
  <name>Issac</name>
  <name>Italian</name>
  <name>Italians</name>
  <name>Italy</name>
  <name>Ivoirian</name>
  <name>Ivoirians</name>
  <name>Ivorian</name>
  <name>Ivorians</name>
  <name>Ivory Coast</name>
  <name>Izaiah</name>
  <name>Izayah</name>
  <name>Jabari</name>
  <name>Jace</name>
  <name>Jacey</name>
  <name>Jada</name>
  <name>Jade</name>
  <name>Jadiel</name>
  <name>Jadon</name>
  <name>Jadyn</name>
  <name>Jaeden</name>
  <name>Jaelyn</name>
  <name>Jaelynn</name>
  <name>Jaffa</name>
  <name>Jaida</name>
  <name>Jaiden</name>
  <name>Jaidyn</name>
  <name>Jaime</name>
  <name>Jair</name>
  <name>Jairo</name>
  <name>Jakayla</name>
  <name>Jakobe</name>
  <name>Jalen</name>
  <name>Jaliyah</name>
  <name>Jamaica</name>
  <name>Jamaican</name>
  <name>Jamaicans</name>
  <name>Jamar</name>
  <name>Jamari</name>
  <name>Jamarion</name>
  <name>Jamir</name>
  <name>Jamis</name>
  <name>Janae</name>
  <name>Janelle</name>
  <name>Janessa</name>
  <name>Janiya</name>
  <name>Janiyah</name>
  <name>Japan</name>
  <name>Japanese</name>
  <name>Jaqueline</name>
  <name>Jaron</name>
  <name>Jase</name>
  <name>Jasiah</name>
  <name>Jasmin</name>
  <name>Javi</name>
  <name>Javier</name>
  <name>Javion</name>
  <name>Javon</name>
  <name>Jax</name>
  <name>Jaxen</name>
  <name>Jaxon</name>
  <name>Jaxton</name>
  <name>Jayce</name>
  <name>Jaycee</name>
  <name>Jaycob</name>
  <name>Jayda</name>
  <name>Jaydan</name>
  <name>Jayde</name>
  <name>Jaydin</name>
  <name>Jaydon</name>
  <name>Jayla</name>
  <name>Jaylah</name>
  <name>Jaylee</name>
  <name>Jayleen</name>
  <name>Jaylen</name>
  <name>Jaylene</name>
  <name>Jaylin</name>
  <name>Jaylon</name>
  <name>Jaylyn</name>
  <name>Jaylynn</name>
  <name>Jayson</name>
  <name>Jazlyn</name>
  <name>Jazlynn</name>
  <name>Jazmin</name>
  <name>Jazmine</name>
  <name>Jazmyn</name>
  <name>Jeb</name>
  <name>Jeddah</name>
  <name>Jedidiah</name>
  <name>Jeffery</name>
  <name>Jemma</name>
  <name>Jeramiah</name>
  <name>Jerimiah</name>
  <name>Jermaine</name>
  <name>Jersey</name>
  <name>Jessie</name>
  <name>Jett</name>
  <name>Jew</name>
  <name>Jewel</name>
  <name>Jewish</name>
  <name>Jews</name>
  <name>Jimena</name>
  <name>Joanna</name>
  <name>Joaquin</name>
  <name>Jocelyn</name>
  <name>Jocelynn</name>
  <name>Johann</name>
  <name>Johnathan</name>
  <name>Johnathon</name>
  <name>Jolie</name>
  <name>Jon</name>
  <name>Jonathon</name>
  <name>Jordan</name>
  <name>Jordanian</name>
  <name>Jordanians</name>
  <name>Jorden</name>
  <name>Jordyn</name>
  <name>Jordynn</name>
  <name>Joselyn</name>
  <name>Josiah</name>
  <name>Joslyn</name>
  <name>Josue</name>
  <name>Journee</name>
  <name>Jovani</name>
  <name>Jovanni</name>
  <name>Joziah</name>
  <name>Jude</name>
  <name>Juliana</name>
  <name>Julianna</name>
  <name>Julianne</name>
  <name>Julien</name>
  <name>Julieta</name>
  <name>Julio</name>
  <name>Julissa</name>
  <name>Juniper</name>
  <name>Jurgen</name>
  <name>Justus</name>
  <name>Kabul</name>
  <name>Kade</name>
  <name>Kadence</name>
  <name>Kadesh</name>
  <name>Kaeden</name>
  <name>Kael</name>
  <name>Kaelyn</name>
  <name>Kaelynn</name>
  <name>Kai</name>
  <name>Kaia</name>
  <name>Kaiden</name>
  <name>Kailee</name>
  <name>Kailey</name>
  <name>Kailyn</name>
  <name>Kailynn</name>
  <name>Kairi</name>
  <name>Kaitlin</name>
  <name>Kaitlynn</name>
  <name>Kaiya</name>
  <name>Kale</name>
  <name>Kaleb</name>
  <name>Kaleigh</name>
  <name>Kaliyah</name>
  <name>Kallie</name>
  <name>Kamari</name>
  <name>Kamden</name>
  <name>Kameron</name>
  <name>Kamille</name>
  <name>Kamren</name>
  <name>Kamron</name>
  <name>Kamryn</name>
  <name>Karachi</name>
  <name>Kareem</name>
  <name>Karina</name>
  <name>Karis</name>
  <name>Karissa</name>
  <name>Karla</name>
  <name>Karlee</name>
  <name>Karlie</name>
  <name>Karly</name>
  <name>Karma</name>
  <name>Karson</name>
  <name>Karsyn</name>
  <name>Karter</name>
  <name>Kasen</name>
  <name>Kasey</name>
  <name>Kash</name>
  <name>Kason</name>
  <name>Kassandra</name>
  <name>Kassidy</name>
  <name>Katelyn</name>
  <name>Katelynn</name>
  <name>Katmandu</name>
  <name>Katzenberg</name>
  <name>Kay</name>
  <name>Kaya</name>
  <name>Kayden</name>
  <name>Kaydence</name>
  <name>Kaylee</name>
  <name>Kayleigh</name>
  <name>Kaylen</name>
  <name>Kaylin</name>
  <name>Kaylyn</name>
  <name>Kaylynn</name>
  <name>Kayson</name>
  <name>Kazakhs</name>
  <name>Kazakhstan</name>
  <name>Kazakhstani</name>
  <name>Keagan</name>
  <name>Keaton</name>
  <name>Keeling Islands</name>
  <name>Keenan</name>
  <name>Keira</name>
  <name>Kellan</name>
  <name>Kellen</name>
  <name>Kelsey</name>
  <name>Kelsie</name>
  <name>Kendra</name>
  <name>Kendyl</name>
  <name>Kenley</name>
  <name>Kenna</name>
  <name>Kennedi</name>
  <name>Kensley</name>
  <name>Kenya</name>
  <name>Kenyan</name>
  <name>Kenyans</name>
  <name>Kenzie</name>
  <name>Keyla</name>
  <name>Keyon</name>
  <name>Khalil</name>
  <name>Khartoum</name>
  <name>Khloe</name>
  <name>Kian</name>
  <name>Kiana</name>
  <name>Kiera</name>
  <name>Kieran</name>
  <name>Kiersten</name>
  <name>Kiley</name>
  <name>Killian</name>
  <name>Kimora</name>
  <name>Kinley</name>
  <name>Kinsey</name>
  <name>Kinshasa</name>
  <name>Kinsley</name>
  <name>Kiribati</name>
  <name>Kirsty</name>
  <name>Kittian</name>
  <name>Kitt's</name>
  <name>Knox</name>
  <name>Kobe</name>
  <name>Kody</name>
  <name>Kohen</name>
  <name>Kolby</name>
  <name>Kole</name>
  <name>Kolten</name>
  <name>Kolton</name>
  <name>Konner</name>
  <name>Konnor</name>
  <name>Korbin</name>
  <name>Koreans</name>
  <name>Kosovars</name>
  <name>Kosovo</name>
  <name>Kourtney</name>
  <name>Kralova</name>
  <name>Krieger</name>
  <name>Krish</name>
  <name>Kristen</name>
  <name>Kristian</name>
  <name>Kristopher</name>
  <name>Kruesi</name>
  <name>Krystal</name>
  <name>Kuala Lumpur</name>
  <name>Kuwait</name>
  <name>Kuwait City</name>
  <name>Kuwaiti</name>
  <name>Kuwaitis</name>
  <name>Kyan</name>
  <name>Kyla</name>
  <name>Kylah</name>
  <name>Kylan</name>
  <name>Kylee</name>
  <name>Kyleigh</name>
  <name>Kyler</name>
  <name>Kymani</name>
  <name>Kyndal</name>
  <name>Kyndall</name>
  <name>Kynlee</name>
  <name>Kyoto</name>
  <name>Kyra</name>
  <name>Kyrgyz</name>
  <name>Kyrgyzs</name>
  <name>Kyrgyzstan</name>
  <name>Kyrgyzstani</name>
  <name>Kyron</name>
  <name>Kyson</name>
  <name>Lahore</name>
  <name>Laila</name>
  <name>Lailah</name>
  <name>Lainey</name>
  <name>Lamar</name>
  <name>Lance</name>
  <name>Landen</name>
  <name>Landyn</name>
  <name>Laney</name>
  <name>Lansberry</name>
  <name>Lao</name>
  <name>Laos</name>
  <name>Laotian</name>
  <name>Laotians</name>
  <name>Lathan</name>
  <name>Latin America</name>
  <name>Latvia</name>
  <name>Latvian</name>
  <name>Latvians</name>
  <name>Lauryn</name>
  <name>Laylah</name>
  <name>Layne</name>
  <name>Layton</name>
  <name>Lea</name>
  <name>Leah</name>
  <name>Leandro</name>
  <name>Leanna</name>
  <name>Lebanese</name>
  <name>Lebanon</name>
  <name>Legolas</name>
  <name>Leigha</name>
  <name>Leighton</name>
  <name>Leila</name>
  <name>Leilani</name>
  <name>Leland</name>
  <name>Leningrad</name>
  <name>Leo Tolstoy</name>
  <name>Leona</name>
  <name>Leonel</name>
  <name>Leonidas</name>
  <name>Lesly</name>
  <name>Lesotho</name>
  <name>Lev Nikolayevich Tolstoy</name>
  <name>Levi</name>
  <name>Leyla</name>
  <name>Lhasa</name>
  <name>L'Hermitage</name>
  <name>Lia</name>
  <name>Liana</name>
  <name>Libanese</name>
  <name>Libanon</name>
  <name>Liberia</name>
  <name>Liberian</name>
  <name>Liberians</name>
  <name>Liberty</name>
  <name>Libya</name>
  <name>Libyan</name>
  <name>Libyans</name>
  <name>Liechtenstein</name>
  <name>Liechtensteiner</name>
  <name>Liechtensteiners</name>
  <name>Lila</name>
  <name>Lilah</name>
  <name>Lilia</name>
  <name>Lilian</name>
  <name>Liliana</name>
  <name>Lilianna</name>
  <name>Lilith</name>
  <name>Lilliana</name>
  <name>Lillianna</name>
  <name>Lillie</name>
  <name>Lilly</name>
  <name>Lily</name>
  <name>Lilyana</name>
  <name>Lilyanna</name>
  <name>Lima</name>
  <name>Lina</name>
  <name>Linda</name>
  <name>Lindy</name>
  <name>Lisa</name>
  <name>Lithuania</name>
  <name>Lithuanian</name>
  <name>Lithuanians</name>
  <name>Liv</name>
  <name>Livia</name>
  <name>Lizbeth</name>
  <name>Londyn</name>
  <name>Lorelai</name>
  <name>Lorelei</name>
  <name>Lorenzo</name>
  <name>Luciana</name>
  <name>Luna</name>
  <name>Lusaka</name>
  <name>Luxembourg</name>
  <name>Luxembourger</name>
  <name>Luxembourgers</name>
  <name>Luz</name>
  <name>Lylah</name>
  <name>M&amp;M</name>
  <name>Maasai</name>
  <name>Mabel</name>
  <name>Macao</name>
  <name>Macao SAR China</name>
  <name>Macedonian</name>
  <name>Macedonian Bulgarians</name>
  <name>Macedonians</name>
  <name>Macey</name>
  <name>Maci</name>
  <name>Macie</name>
  <name>Madagascar</name>
  <name>Madalyn</name>
  <name>Madalynn</name>
  <name>Madden</name>
  <name>Maddison</name>
  <name>Madelyn</name>
  <name>Madelynn</name>
  <name>Madilyn</name>
  <name>Madilynn</name>
  <name>Madisyn</name>
  <name>Madras</name>
  <name>Madyson</name>
  <name>Mae</name>
  <name>Maeve</name>
  <name>Magdalen</name>
  <name>Makenna</name>
  <name>Makenzie</name>
  <name>Makhi</name>
  <name>Maksim</name>
  <name>Malachi</name>
  <name>Malagasy</name>
  <name>Malakai</name>
  <name>Malaki</name>
  <name>Malawi</name>
  <name>Malawian</name>
  <name>Malawians</name>
  <name>Malaya</name>
  <name>Malaysia</name>
  <name>Malaysian</name>
  <name>Malaysians</name>
  <name>Maldives</name>
  <name>Maldivian</name>
  <name>Maldivians</name>
  <name>Maleah</name>
  <name>Mali</name>
  <name>Malia</name>
  <name>Maliah</name>
  <name>Malian</name>
  <name>Malians</name>
  <name>Maliyah</name>
  <name>Mallory</name>
  <name>Malloy</name>
  <name>Malta</name>
  <name>Maltese</name>
  <name>Manila</name>
  <name>Manleigh</name>
  <name>Manx</name>
  <name>Mara</name>
  <name>Marcel</name>
  <name>Marcelo</name>
  <name>Marcos</name>
  <name>Mariam</name>
  <name>Mariana</name>
  <name>Marianna</name>
  <name>Mariano</name>
  <name>Marina</name>
  <name>Marisol</name>
  <name>Maritza</name>
  <name>Mariyah</name>
  <name>Mark</name>
  <name>Mark Wahlberg</name>
  <name>Marlee</name>
  <name>Marlon</name>
  <name>Marnier</name>
  <name>Marquis</name>
  <name>Marshall Islands</name>
  <name>Marshallese</name>
  <name>Martinique</name>
  <name>Maryam</name>
  <name>Masen</name>
  <name>Mashotsukai</name>
  <name>Mateo</name>
  <name>Mathew</name>
  <name>Mathias</name>
  <name>Matias</name>
  <name>Matilda</name>
  <name>Mattie</name>
  <name>Mauricio</name>
  <name>Mauritania</name>
  <name>Mauritanian</name>
  <name>Mauritanians</name>
  <name>Mauritian</name>
  <name>Mauritians</name>
  <name>Mauritius</name>
  <name>Maxim</name>
  <name>Maximiliano</name>
  <name>Maximo</name>
  <name>Maxton</name>
  <name>Maxx</name>
  <name>Mayotte</name>
  <name>Mayson</name>
  <name>McAlister</name>
  <name>Mckayla</name>
  <name>Mckenna</name>
  <name>Mckenzie</name>
  <name>Mckinley</name>
  <name>Meadow</name>
  <name>Medina</name>
  <name>Mekhi</name>
  <name>Melanesia</name>
  <name>Melany</name>
  <name>Melina</name>
  <name>Messiah</name>
  <name>Mexican</name>
  <name>Mexicans</name>
  <name>Mexico</name>
  <name>Mexico City</name>
  <name>Miah</name>
  <name>Micheal</name>
  <name>Micronesia</name>
  <name>Micronesian</name>
  <name>Micronesian Region</name>
  <name>Micronesians</name>
  <name>Middle Africa</name>
  <name>Mikaela</name>
  <name>Mikayla</name>
  <name>Mila</name>
  <name>Milagros</name>
  <name>Milana</name>
  <name>Milania</name>
  <name>Miley</name>
  <name>Milly</name>
  <name>Milo</name>
  <name>Mina</name>
  <name>Mira</name>
  <name>Mirakuru</name>
  <name>Misael</name>
  <name>Mischa</name>
  <name>Miya</name>
  <name>Moises</name>
  <name>Moldova</name>
  <name>Moldovan</name>
  <name>Moldovans</name>
  <name>Mollie</name>
  <name>Monacan</name>
  <name>Monaco</name>
  <name>Monégasque</name>
  <name>Mongolia</name>
  <name>Mongolian</name>
  <name>Mongolians</name>
  <name>Montenegrins</name>
  <name>Montenegro</name>
  <name>Montevideo</name>
  <name>Montserrat</name>
  <name>Moria</name>
  <name>Moriah</name>
  <name>Moroccan</name>
  <name>Moroccans</name>
  <name>Morocco</name>
  <name>Moscow</name>
  <name>Moshe</name>
  <name>Mosotho</name>
  <name>Motswana</name>
  <name>Mozambican</name>
  <name>Mozambicans</name>
  <name>Mozambique</name>
  <name>Munich</name>
  <name>Munich Agreement</name>
  <name>Mya</name>
  <name>Myah</name>
  <name>Myanmar</name>
  <name>Myla</name>
  <name>Myles</name>
  <name>Myra</name>
  <name>Myrna</name>
  <name>Nadi</name>
  <name>Nahla</name>
  <name>Namibia</name>
  <name>Namibian</name>
  <name>Namibians</name>
  <name>Naples</name>
  <name>Natalee</name>
  <name>Natalia</name>
  <name>Nataly</name>
  <name>Natalya</name>
  <name>Nathalie</name>
  <name>Nathaly</name>
  <name>Nathanael</name>
  <name>Naurans</name>
  <name>Nauru</name>
  <name>Nauruan</name>
  <name>Nayeli</name>
  <name>Nazi</name>
  <name>Nazis</name>
  <name>Nepal</name>
  <name>Nepalese</name>
  <name>Netherlands</name>
  <name>Netherlands Antilles</name>
  <name>Neveah</name>
  <name>Nevisian</name>
  <name>New Caledonia</name>
  <name>New Zealand</name>
  <name>New Zealander</name>
  <name>New Zealanders</name>
  <name>Nia</name>
  <name>Niamh</name>
  <name>Nicaragua</name>
  <name>Nicaraguan</name>
  <name>Nicaraguans</name>
  <name>Nickolas</name>
  <name>Nicosia</name>
  <name>Niger</name>
  <name>Nigeria</name>
  <name>Nigerian</name>
  <name>Nigerians</name>
  <name>Nigerien</name>
  <name>Nigeriens</name>
  <name>Niko</name>
  <name>Niue</name>
  <name>Ni-Vanuatu</name>
  <name>Noe</name>
  <name>Noelle</name>
  <name>Noemi</name>
  <name>Nola</name>
  <name>Nolan</name>
  <name>Nora</name>
  <name>Norah</name>
  <name>Nordkorea</name>
  <name>Norfolk Island</name>
  <name>North America</name>
  <name>North Korea</name>
  <name>North Korean</name>
  <name>North Macedonia</name>
  <name>Northern Africa</name>
  <name>Northern America</name>
  <name>Northern Europe</name>
  <name>Northern Irish</name>
  <name>Northern Mariana Islands</name>
  <name>Norway</name>
  <name>Norwegian</name>
  <name>Norwegians</name>
  <name>Nova Scotia</name>
  <name>Nutella</name>
  <name>Nyla</name>
  <name>Nylah</name>
  <name>Oceania</name>
  <name>Oeufcocque Penteano</name>
  <name>Oeufcocque-Penteano</name>
  <name>Ogilvie</name>
  <name>Oliveira</name>
  <name>Oman</name>
  <name>Omani</name>
  <name>Omari</name>
  <name>OMG</name>
  <name>O'Regan</name>
  <name>Orion</name>
  <name>Osaka</name>
  <name>Oslo</name>
  <name>Osvaldo</name>
  <name>Ottawa</name>
  <name>Outlying Oceania</name>
  <name>P.A.</name>
  <name>Paisley</name>
  <name>Paityn</name>
  <name>Pakistan</name>
  <name>Pakistani</name>
  <name>Pakistanis</name>
  <name>Palau</name>
  <name>Palauan</name>
  <name>Palauans</name>
  <name>Palestine</name>
  <name>Palestinian National Authority</name>
  <name>Palestinian Territories</name>
  <name>Palestinians</name>
  <name>Paltrow</name>
  <name>Panama</name>
  <name>Panama City</name>
  <name>Panamanian</name>
  <name>Panamanians</name>
  <name>Paola</name>
  <name>Papua New Guinea</name>
  <name>Papua New Guinean</name>
  <name>Papua New Guineans</name>
  <name>Paraguay</name>
  <name>Paraguayan</name>
  <name>Paraguayans</name>
  <name>Patience</name>
  <name>Patridge</name>
  <name>Payten</name>
  <name>Pearl</name>
  <name>Pellegrino</name>
  <name>Perla</name>
  <name>Perth</name>
  <name>Peru</name>
  <name>Peruvian</name>
  <name>Peruvians</name>
  <name>Philippines</name>
  <name>Pinella</name>
  <name>Pinkman</name>
  <name>Pitcairn Islands</name>
  <name>Poindexter</name>
  <name>Poland</name>
  <name>Poles</name>
  <name>Polish</name>
  <name>Polynesia</name>
  <name>Port Morsby</name>
  <name>Port of Spain</name>
  <name>Portugal</name>
  <name>Portuguese</name>
  <name>Praetorians</name>
  <name>Prague</name>
  <name>President Barak Obama</name>
  <name>President Clinton</name>
  <name>President Donald Trump</name>
  <name>President George W. Bush</name>
  <name>President George Washington</name>
  <name>President John F. Kennedy</name>
  <name>President Lincoln</name>
  <name>President Obama</name>
  <name>President Reagan</name>
  <name>President Ronald Reagan</name>
  <name>President Trump</name>
  <name>Princess</name>
  <name>Puerto Ricans</name>
  <name>Puerto Rico</name>
  <name>Pusan</name>
  <name>Pycroft</name>
  <name>Pyongyang</name>
  <name>Pyotr Ilyich Tchaikovsky</name>
  <name>Pyotr Tchaikovsky</name>
  <name>Qatar</name>
  <name>Qatari</name>
  <name>Quebec</name>
  <name>Quebecers</name>
  <name>Quinten</name>
  <name>Quintin</name>
  <name>Quinton</name>
  <name>Rachael</name>
  <name>Radagast</name>
  <name>Raegan</name>
  <name>Raelyn</name>
  <name>Raelynn</name>
  <name>Rafferty</name>
  <name>Raiden</name>
  <name>Raina</name>
  <name>Ramiro</name>
  <name>Rashad</name>
  <name>Rayan</name>
  <name>Rayden</name>
  <name>Rayne</name>
  <name>Rebekah</name>
  <name>Reece</name>
  <name>Regan</name>
  <name>Reid</name>
  <name>Remington</name>
  <name>Rene</name>
  <name>Republic of the Congo</name>
  <name>Republicans</name>
  <name>Réunion</name>
  <name>Reunion Island</name>
  <name>Réunionnais</name>
  <name>Rey</name>
  <name>Reyna</name>
  <name>RFID</name>
  <name>Rhett</name>
  <name>Rhiannon</name>
  <name>Rhys</name>
  <name>Rihanna</name>
  <name>Rinaldi</name>
  <name>Ringwraith</name>
  <name>Rio de Janeiro</name>
  <name>Rivka</name>
  <name>Riya</name>
  <name>Rob</name>
  <name>Robert De Niro</name>
  <name>Robyn</name>
  <name>Rochway</name>
  <name>Rodolfo</name>
  <name>Rodrigo</name>
  <name>Rogelio</name>
  <name>Rogen</name>
  <name>Rohan</name>
  <name>Roland</name>
  <name>Rolexes</name>
  <name>Romania</name>
  <name>Romanian</name>
  <name>Romanians</name>
  <name>Ronan</name>
  <name>Ronin</name>
  <name>Rosa</name>
  <name>Rose</name>
  <name>Roselyn</name>
  <name>RotC</name>
  <name>Rowan</name>
  <name>Rowen</name>
  <name>Roxane</name>
  <name>Royce</name>
  <name>Russia</name>
  <name>Russian</name>
  <name>Russian Federation</name>
  <name>Russians</name>
  <name>Rwanda</name>
  <name>Rwandan</name>
  <name>Rwandans</name>
  <name>Rwandese</name>
  <name>Ryann</name>
  <name>Ryder</name>
  <name>Ryker</name>
  <name>Rylan</name>
  <name>Ryland</name>
  <name>Rylee</name>
  <name>Ryleigh</name>
  <name>Rylen</name>
  <name>Rylie</name>
  <name>Saanvi</name>
  <name>Saige</name>
  <name>Saint Kitts</name>
  <name>Saint Lucian</name>
  <name>Saint Lucians</name>
  <name>Salma</name>
  <name>Salvadoran</name>
  <name>Salvadorans</name>
  <name>Salvadorian</name>
  <name>Samara</name>
  <name>Samir</name>
  <name>Samiya</name>
  <name>Samiyah</name>
  <name>Sammarinese</name>
  <name>Samoa</name>
  <name>Samoan</name>
  <name>Samoans</name>
  <name>Samson</name>
  <name>San Francisco</name>
  <name>San Marinese</name>
  <name>San Marino</name>
  <name>Sanaa</name>
  <name>Sandberg</name>
  <name>Saniya</name>
  <name>Saniyah</name>
  <name>Santino</name>
  <name>Sao Paulo</name>
  <name>São Tomé</name>
  <name>São Tomé &amp; Príncipe</name>
  <name>Sao Tome and Principe</name>
  <name>São Tomé and Príncipe</name>
  <name>Sao Tomean</name>
  <name>Sarahi</name>
  <name>Sarai</name>
  <name>Sariah</name>
  <name>Sariel</name>
  <name>Sariyah</name>
  <name>Sarrazin</name>
  <name>Satnam</name>
  <name>Saudi</name>
  <name>Saudi Arabia</name>
  <name>Saudis</name>
  <name>Sauron</name>
  <name>Scandinavian</name>
  <name>Scots</name>
  <name>Scottish</name>
  <name>Seagrave</name>
  <name>Segway</name>
  <name>Selah</name>
  <name>Semaj</name>
  <name>Senegal</name>
  <name>Senegalese</name>
  <name>Seoul</name>
  <name>Serbia</name>
  <name>Serbian</name>
  <name>Serbs</name>
  <name>Serenity</name>
  <name>Sergio</name>
  <name>Seychelles</name>
  <name>Seychellois</name>
  <name>Shaniya</name>
  <name>Shayla</name>
  <name>Shelby</name>
  <name>Shenyang</name>
  <name>Sherlyn</name>
  <name>Shiloh</name>
  <name>Shumway</name>
  <name>Siberia</name>
  <name>Siena</name>
  <name>Sienna</name>
  <name>Sierra Leone</name>
  <name>Sierra Leonean</name>
  <name>Sierra Leoneans</name>
  <name>Simon Cowell</name>
  <name>Singapore</name>
  <name>Singaporean</name>
  <name>Singaporeans</name>
  <name>Sint Maarten</name>
  <name>Skokie</name>
  <name>Skye</name>
  <name>Skyla</name>
  <name>Skylar</name>
  <name>Skyler</name>
  <name>Slade</name>
  <name>Sloane</name>
  <name>Slovakia</name>
  <name>Slovakian</name>
  <name>Slovaks</name>
  <name>Slovenes</name>
  <name>Slovenia</name>
  <name>Slovenian</name>
  <name>Smaug</name>
  <name>Smithers</name>
  <name>Solomon Islander</name>
  <name>Solomon Islanders</name>
  <name>Solomon Islands</name>
  <name>Solzhenitsyn</name>
  <name>Somali</name>
  <name>Somalia</name>
  <name>Somalilanders</name>
  <name>Somalis</name>
  <name>Soos</name>
  <name>Soren</name>
  <name>Sotho</name>
  <name>South Africa</name>
  <name>South African</name>
  <name>South Africans</name>
  <name>South America</name>
  <name>South Georgia</name>
  <name>South Georgia &amp; South Sandwich Islands</name>
  <name>South Georgia and South Sandwich Islands</name>
  <name>South Korea</name>
  <name>South Korean</name>
  <name>South Sudan</name>
  <name>South Tarawa</name>
  <name>Southeast Asia</name>
  <name>Southern Africa</name>
  <name>Southern Asia</name>
  <name>Southern Europe</name>
  <name>Spain</name>
  <name>Spaniards</name>
  <name>Spanish</name>
  <name>Sri Lanka</name>
  <name>Sri Lankan</name>
  <name>Sri Lankans</name>
  <name>St. Barthélemy</name>
  <name>St. Helena</name>
  <name>St. Kitts &amp; Nevis</name>
  <name>St. Kitts and Nevis</name>
  <name>St. Louis</name>
  <name>St. Lucia</name>
  <name>St. Martin</name>
  <name>St. Petersburg</name>
  <name>St. Pierre &amp; Miquelon</name>
  <name>St. Pierre and Miquelon</name>
  <name>St. Vincent &amp; Grenadines</name>
  <name>St. Vincent and Grenadines</name>
  <name>Stanislaus</name>
  <name>Stanny's</name>
  <name>Star Trek</name>
  <name>Stillman</name>
  <name>Sturridge</name>
  <name>Sub-Saharan Africa</name>
  <name>Sudan</name>
  <name>Sudanese</name>
  <name>Suez</name>
  <name>Suriname</name>
  <name>Surinamer</name>
  <name>Surinamese</name>
  <name>Svalbard &amp; Jan Mayen</name>
  <name>Svalbard and Jan Mayen</name>
  <name>Swazi</name>
  <name>Swaziland</name>
  <name>Swede</name>
  <name>Sweden</name>
  <name>Swedes</name>
  <name>Swedish</name>
  <name>Swiss</name>
  <name>Switzerland</name>
  <name>Sylas</name>
  <name>Syria</name>
  <name>Syriacs</name>
  <name>Syrian</name>
  <name>Syrians</name>
  <name>Taipei</name>
  <name>Taiwan</name>
  <name>Taiwanese</name>
  <name>Tajik</name>
  <name>Tajikistan</name>
  <name>Talia</name>
  <name>Taliyah</name>
  <name>Talon</name>
  <name>Tamia</name>
  <name>Tamils</name>
  <name>Tanzania</name>
  <name>Tanzanian</name>
  <name>Tanzanians</name>
  <name>Taraji</name>
  <name>Taryn</name>
  <name>Tatum</name>
  <name>Tauriel</name>
  <name>Tchaikovsky</name>
  <name>Teagan</name>
  <name>Tegan</name>
  <name>Tehran</name>
  <name>Tenley</name>
  <name>Terrell</name>
  <name>Tertullian</name>
  <name>Tetris</name>
  <name>Thaddeus</name>
  <name>Thai</name>
  <name>Thailand</name>
  <name>Thais</name>
  <name>Thalia</name>
  <name>The Bahamas</name>
  <name>The Gambia</name>
  <name>Thieny</name>
  <name>Thierry</name>
  <name>Thorin</name>
  <name>Thursday</name>
  <name>Thursdays</name>
  <name>Tia</name>
  <name>Tiana</name>
  <name>Tianjin</name>
  <name>Tianna</name>
  <name>Tibet</name>
  <name>Tibetan</name>
  <name>Tibetans</name>
  <name>Tilman Riemenschneider</name>
  <name>Timor-Leste</name>
  <name>Tinley</name>
  <name>Tobagonian</name>
  <name>Tobagonians</name>
  <name>Tofino</name>
  <name>Togo</name>
  <name>Togolese</name>
  <name>Tokelau</name>
  <name>Tolstoy</name>
  <name>Tom</name>
  <name>Tomas</name>
  <name>Tonga</name>
  <name>Tongan</name>
  <name>Tongans</name>
  <name>Tooley</name>
  <name>Trevon</name>
  <name>Trey</name>
  <name>Trinidad &amp; Tobago</name>
  <name>Trinidad and Tobago</name>
  <name>Trinidadian</name>
  <name>Trinidadians</name>
  <name>Trinity</name>
  <name>Tristan da Cunha</name>
  <name>Tristen</name>
  <name>Tristian</name>
  <name>Tristin</name>
  <name>Triston</name>
  <name>Trystan</name>
  <name>Tunis</name>
  <name>Tunisia</name>
  <name>Tunisian</name>
  <name>Tunisians</name>
  <name>Turkey</name>
  <name>Turkish</name>
  <name>Turkmenistan</name>
  <name>Turks</name>
  <name>Turks &amp; Caicos Islands</name>
  <name>Turks and Caicos Islands</name>
  <name>Tuvalu</name>
  <name>Tuvaluan</name>
  <name>Tuvaluans</name>
  <name>Twix</name>
  <name>Tyree</name>
  <name>Tyrese</name>
  <name>U.S. Outlying Islands</name>
  <name>U.S. Virgin Islands</name>
  <name>Uganda</name>
  <name>Ugandan</name>
  <name>Ugandans</name>
  <name>UK</name>
  <name>Ukraine</name>
  <name>Ukrainian</name>
  <name>Ukrainians</name>
  <name>Ulises</name>
  <name>UN</name>
  <name>United Arab Emirates</name>
  <name>United Kingdom</name>
  <name>United Nations</name>
  <name>United States</name>
  <name>United States of America</name>
  <name>Uriah</name>
  <name>Uriel</name>
  <name>Urijah</name>
  <name>Uruguay</name>
  <name>Uruguayan</name>
  <name>Uruguayans</name>
  <name>US</name>
  <name>Uzbekistan</name>
  <name>Uzbekistani</name>
  <name>Uzbeks</name>
  <name>Vaeletta</name>
  <name>Valentin</name>
  <name>Valeria</name>
  <name>Van</name>
  <name>Vance</name>
  <name>Vanuatu</name>
  <name>Vanuatuans</name>
  <name>Vatican</name>
  <name>Vatican City</name>
  <name>Vatican City State</name>
  <name>Venezuela</name>
  <name>Venezuelan</name>
  <name>Venezuelans</name>
  <name>Vera</name>
  <name>Vicente</name>
  <name>Vienna</name>
  <name>Vietnam</name>
  <name>Vietnamese</name>
  <name>Vihaan</name>
  <name>Vincentians</name>
  <name>Vincenzo</name>
  <name>Viney</name>
  <name>Virgin Islands</name>
  <name>Viviana</name>
  <name>Vrataski</name>
  <name>Wade</name>
  <name>Wadsworth</name>
  <name>Wallis &amp; Futuna</name>
  <name>Wallis and Futuna</name>
  <name>Warmbrunn</name>
  <name>Warsaw</name>
  <name>Waylon</name>
  <name>Welsh</name>
  <name>Wembley</name>
  <name>Wes</name>
  <name>Western Africa</name>
  <name>Western Asia</name>
  <name>Western Europe</name>
  <name>Western Sahara</name>
  <name>Westin</name>
  <name>Weston</name>
  <name>Westwood</name>
  <name>Wilco</name>
  <name>Willow</name>
  <name>Winnepeg</name>
  <name>Witkowski</name>
  <name>Witkowskis</name>
  <name>Wittenberg</name>
  <name>Wozniacki</name>
  <name>Wuhan</name>
  <name>Wymer</name>
  <name>Xian</name>
  <name>Ximena</name>
  <name>Xzavier</name>
  <name>Yadiel</name>
  <name>Yahir</name>
  <name>Yamilet</name>
  <name>Yamileth</name>
  <name>Yandel</name>
  <name>Yangon</name>
  <name>Yareli</name>
  <name>Yaretzi</name>
  <name>Yaritza</name>
  <name>Yasmin</name>
  <name>Yazmin</name>
  <name>Yehuda</name>
  <name>Yemen</name>
  <name>Yemenis</name>
  <name>Yemenite</name>
  <name>Yesenia</name>
  <name>Yokohama</name>
  <name>Yoselin</name>
  <name>Yuliana</name>
  <name>Yusuf</name>
  <name>Zachariah</name>
  <name>Zachery</name>
  <name>Zackary</name>
  <name>Zackery</name>
  <name>Zaiden</name>
  <name>Zain</name>
  <name>Zambia</name>
  <name>Zambian</name>
  <name>Zambians</name>
  <name>Zander</name>
  <name>Zaniyah</name>
  <name>Zara</name>
  <name>Zaria</name>
  <name>Zariah</name>
  <name>Zariyah</name>
  <name>Zavier</name>
  <name>Zayden</name>
  <name>Zayne</name>
  <name>Zechariah</name>
  <name>Ziegfeld</name>
  <name>Zimbabwe</name>
  <name>Zimbabwean</name>
  <name>Zimbabweans</name>
  <name>Zion</name>
  <name>Zoie</name>
  <name>Zuri</name>
  <name>Waring</name>
  <name>GK</name>
  <name>TOMKINSON</name>
  <name>Graybridge</name>
</names>