﻿<?xml version="1.0" encoding="utf-8"?>
<!-- This list contains names with specific casing - and specific to Finnish only -->
<names>
  <blacklist />
  <name>AA</name>
  <name>Aasia</name>
  <name>Abbie</name>
  <name>Abbylla</name>
  <name>Abbylle</name>
  <name>Abbyn</name>
  <name>ABC</name>
  <name>Abda</name>
  <name>Abdi</name>
  <name>Aben</name>
  <name>Aberdare</name>
  <name>Abigaililta</name>
  <name>Abner</name>
  <name>Abs</name>
  <name>Abu</name>
  <name>Academy</name>
  <name>Acapulcossa</name>
  <name>Accord</name>
  <name>Ace</name>
  <name>ACLU</name>
  <name>Adamson</name>
  <name>Adcox</name>
  <name>Addisonia</name>
  <name>Addisonilla</name>
  <name>Addisonille</name>
  <name>Addisonilta</name>
  <name>Addisonin</name>
  <name>Addisonista</name>
  <name>Adelaide</name>
  <name>Adler</name>
  <name>Adolphe</name>
  <name>Adriano</name>
  <name>Adrienne</name>
  <name>Advena</name>
  <name>Aeroflot</name>
  <name>Aerosmith</name>
  <name>Afganistan</name>
  <name>Afrikka</name>
  <name>Afrodite</name>
  <name>Afroditen</name>
  <name>Aftonbladet</name>
  <name>Agenor</name>
  <name>Agenorin</name>
  <name>Agenorista</name>
  <name>Aggie</name>
  <name>Agneta</name>
  <name>Agnew</name>
  <name>Ahlgren</name>
  <name>Ahvenanmaa</name>
  <name>Aileen</name>
  <name>Aizawa</name>
  <name>Ajax</name>
  <name>Akiku</name>
  <name>Akim</name>
  <name>Aladdinin</name>
  <name>Alankomaat</name>
  <name>Albania</name>
  <name>Albuquerquen</name>
  <name>Alcatraziin</name>
  <name>Alcott</name>
  <name>Aldina</name>
  <name>Alecia</name>
  <name>Aleciin</name>
  <name>Alecilla</name>
  <name>Alecin</name>
  <name>Aleksandr Isajevitš Solženitsyn</name>
  <name>Aleksandr Solženitsyn</name>
  <name>Alessandro</name>
  <name>Alessi</name>
  <name>Alexei</name>
  <name>Algeria</name>
  <name>Alille</name>
  <name>Alilta</name>
  <name>Alisonia</name>
  <name>Alisonilta</name>
  <name>Alisonin</name>
  <name>Alisonista</name>
  <name>Alisonko</name>
  <name>Alistair</name>
  <name>Ally</name>
  <name>Allyn</name>
  <name>Alois</name>
  <name>Alyssan</name>
  <name>AMA</name>
  <name>Amagansettissa</name>
  <name>Aman</name>
  <name>Amane</name>
  <name>Ambassadör</name>
  <name>Ambrose</name>
  <name>Ambrosen</name>
  <name>Amelian</name>
  <name>Americaa</name>
  <name>Amerikan Samoa</name>
  <name>Amerikka</name>
  <name>amish</name>
  <name>Amnesty</name>
  <name>Amylle</name>
  <name>Anabel</name>
  <name>Anaheimissa</name>
  <name>Anchule</name>
  <name>Andor</name>
  <name>Andorin</name>
  <name>Andorra</name>
  <name>André</name>
  <name>Andrén</name>
  <name>Andropovin</name>
  <name>Angelaa</name>
  <name>Angelan</name>
  <name>Angelica</name>
  <name>ANGELIKA</name>
  <name>Angelinin</name>
  <name>Angelique</name>
  <name>Angelo</name>
  <name>Angels</name>
  <name>Angola</name>
  <name>Anguilla</name>
  <name>Annabel</name>
  <name>Annabella</name>
  <name>Annamaria</name>
  <name>Anselmo</name>
  <name>Anselmon</name>
  <name>Anselmosta</name>
  <name>Antalya</name>
  <name>Antarktis</name>
  <name>Anticimexille</name>
  <name>Antigua ja Barbuda</name>
  <name>Antoinea</name>
  <name>Antoinette</name>
  <name>Antonessa</name>
  <name>Antpaste</name>
  <name>Anziolla</name>
  <name>Anziossa</name>
  <name>Arabiemiirikunnat</name>
  <name>Aranin</name>
  <name>Areen</name>
  <name>Areeta</name>
  <name>Aretha</name>
  <name>Argentiina</name>
  <name>Argoksen</name>
  <name>Arian</name>
  <name>Ariane</name>
  <name>Ariankin</name>
  <name>arimatialainen</name>
  <name>Aris</name>
  <name>Arkhimedes</name>
  <name>Arkhimedestä</name>
  <name>Arleigh</name>
  <name>Armenia</name>
  <name>Armitage</name>
  <name>Arne</name>
  <name>Arnen</name>
  <name>Arnoldille</name>
  <name>Arrow</name>
  <name>Arty</name>
  <name>Aruba</name>
  <name>Ascension-saari</name>
  <name>Ashby</name>
  <name>Askalonista</name>
  <name>Aspenin</name>
  <name>Aspenissa</name>
  <name>Assunta</name>
  <name>Atarilta</name>
  <name>Atticusin</name>
  <name>Atworth</name>
  <name>Audie</name>
  <name>Audry</name>
  <name>Augie</name>
  <name>Auguste</name>
  <name>Augustinus</name>
  <name>Aung</name>
  <name>Austinille</name>
  <name>Australaasia</name>
  <name>Australia</name>
  <name>Avila</name>
  <name>Avis</name>
  <name>Axe</name>
  <name>Axle</name>
  <name>Azerbaidžan</name>
  <name>Babe</name>
  <name>Babella</name>
  <name>Babelle</name>
  <name>Baben</name>
  <name>Babs</name>
  <name>Bacall</name>
  <name>baccaratin</name>
  <name>Bagenall</name>
  <name>Bahama</name>
  <name>Bahrain</name>
  <name>Baines</name>
  <name>Bajen</name>
  <name>Bajenin</name>
  <name>Ballinger</name>
  <name>Ballingerin</name>
  <name>Ballou</name>
  <name>Balt</name>
  <name>Baltasar</name>
  <name>Baltasarin</name>
  <name>Banck</name>
  <name>Bang</name>
  <name>Bangia</name>
  <name>Bangin</name>
  <name>Bangladesh</name>
  <name>Bangtail</name>
  <name>Bankissa</name>
  <name>Banks</name>
  <name>Banksin</name>
  <name>Bannister</name>
  <name>Banshees</name>
  <name>Barabbaan</name>
  <name>Barabbaasta</name>
  <name>Barbados</name>
  <name>Barbro</name>
  <name>Bardot</name>
  <name>Baringsin</name>
  <name>Barker</name>
  <name>Barnaby</name>
  <name>Barnesin</name>
  <name>Bartia</name>
  <name>Basil</name>
  <name>bathia</name>
  <name>Baturin</name>
  <name>BAY</name>
  <name>Baywatchia</name>
  <name>Beachilla</name>
  <name>Beacon</name>
  <name>Beale</name>
  <name>Bealea</name>
  <name>Bean</name>
  <name>Beate</name>
  <name>Beaulieu</name>
  <name>Beaumont</name>
  <name>Bécaud</name>
  <name>Beckiltä</name>
  <name>Beckystä</name>
  <name>Beetlehem</name>
  <name>Beetlehemiin</name>
  <name>Beetlehemin</name>
  <name>Beetlehemiä</name>
  <name>Beka</name>
  <name>Belfastista</name>
  <name>Belgia</name>
  <name>Belize</name>
  <name>Bell</name>
  <name>bella</name>
  <name>Bellamy</name>
  <name>Bellamysta</name>
  <name>Bellan</name>
  <name>Belle</name>
  <name>Bellwood</name>
  <name>Bellwoodin</name>
  <name>Bellwoodista</name>
  <name>BELLWOODISTA</name>
  <name>Belly</name>
  <name>Benin</name>
  <name>Benjy</name>
  <name>Bennyn</name>
  <name>Benoit</name>
  <name>Bentleyn</name>
  <name>Beretta</name>
  <name>Berettasta</name>
  <name>Bergmann</name>
  <name>Beria</name>
  <name>Berian</name>
  <name>Berit</name>
  <name>Bermuda</name>
  <name>Bernice</name>
  <name>Bertiltä</name>
  <name>Bertling</name>
  <name>Bertoluzzi</name>
  <name>Bertoni</name>
  <name>Beryl</name>
  <name>Bessie</name>
  <name>BESSIE</name>
  <name>Best</name>
  <name>Bethille</name>
  <name>Bethin</name>
  <name>Betsylle</name>
  <name>Bett</name>
  <name>Bettelheim</name>
  <name>Bettina</name>
  <name>Beulahissa</name>
  <name>Beyoncéa</name>
  <name>Beyoncén</name>
  <name>Beyron</name>
  <name>Bhatti</name>
  <name>Bhutan</name>
  <name>Bialy</name>
  <name>Biddlecombe</name>
  <name>Bieberin</name>
  <name>Biff</name>
  <name>Big</name>
  <name>Billboard</name>
  <name>Billyn</name>
  <name>Birkastanin</name>
  <name>Bishop</name>
  <name>Bjarne</name>
  <name>Bjarnen</name>
  <name>Black</name>
  <name>Blackberryn</name>
  <name>BlackBerryni</name>
  <name>BlackBerrysi</name>
  <name>Blackbird</name>
  <name>Blackin</name>
  <name>Blanche</name>
  <name>Bleek</name>
  <name>Bleekl</name>
  <name>Blixen</name>
  <name>Blood</name>
  <name>Bloody</name>
  <name>Bloom</name>
  <name>Bloomin</name>
  <name>Blue</name>
  <name>Bobbielta</name>
  <name>Bobbien</name>
  <name>Bobbieta</name>
  <name>Bobbya</name>
  <name>Bobbyko</name>
  <name>Bobbyn</name>
  <name>Bobille</name>
  <name>Bobin</name>
  <name>Bobo</name>
  <name>Bogart</name>
  <name>Bolivia</name>
  <name>Bon</name>
  <name>Boner</name>
  <name>Bonniea</name>
  <name>Bonniella</name>
  <name>Bonniesta</name>
  <name>Bonniet</name>
  <name>Booker</name>
  <name>Boot</name>
  <name>Borinage</name>
  <name>Borsalino</name>
  <name>Bosch</name>
  <name>Boscolta</name>
  <name>Bosley</name>
  <name>Bosman</name>
  <name>Bosnia ja Hertsegovina</name>
  <name>Bosse</name>
  <name>Botswana</name>
  <name>Boulevard</name>
  <name>Bouvet’nsaari</name>
  <name>Bowieta</name>
  <name>Bowl</name>
  <name>Boy</name>
  <name>Boyce</name>
  <name>Boyta</name>
  <name>Boze</name>
  <name>Braddock</name>
  <name>Braid</name>
  <name>Bramserudin</name>
  <name>Brandonia</name>
  <name>Brandoniin</name>
  <name>Branniganin</name>
  <name>Brasilia</name>
  <name>Brass</name>
  <name>Brassin</name>
  <name>Bratz</name>
  <name>Brazzavillen Kongo</name>
  <name>Brendaa</name>
  <name>Brenner</name>
  <name>Brevoort</name>
  <name>Brezhnevin</name>
  <name>Bri</name>
  <name>Brianille</name>
  <name>Brianin</name>
  <name>Brianista</name>
  <name>Brickstone</name>
  <name>Bridie</name>
  <name>Brigadeführer</name>
  <name>Brigette</name>
  <name>Brightoninkin</name>
  <name>Brightonissa</name>
  <name>Brigit</name>
  <name>Brigitte</name>
  <name>Bris</name>
  <name>Bristoliin</name>
  <name>Britannia</name>
  <name>Britt</name>
  <name>Brittiläinen Intian valtameren alue</name>
  <name>Brittiläiset Neitsytsaaret</name>
  <name>Broadcast</name>
  <name>broadcasttext</name>
  <name>Broadwaylla</name>
  <name>Broadwaylle</name>
  <name>Broadwayllä</name>
  <name>Broadwayn</name>
  <name>Broadwayta</name>
  <name>Bronxissa</name>
  <name>Bronxista</name>
  <name>Bronze</name>
  <name>Brooklynia</name>
  <name>Brooklyniin</name>
  <name>Brooklynin</name>
  <name>Brooklynissä</name>
  <name>Broonzya</name>
  <name>Bror</name>
  <name>Brown</name>
  <name>Browne</name>
  <name>Browning's</name>
  <name>Brubaker</name>
  <name>Bruna</name>
  <name>Brunei</name>
  <name>Bruner</name>
  <name>Brunhilde</name>
  <name>Bubba</name>
  <name>Buck</name>
  <name>Buckinghamin</name>
  <name>Buckles</name>
  <name>Buckskinin</name>
  <name>Bud</name>
  <name>Buddy</name>
  <name>Budin</name>
  <name>Budovkinina</name>
  <name>Budweiserin</name>
  <name>Buffalon</name>
  <name>Buffalosta</name>
  <name>Bugsy</name>
  <name>Building</name>
  <name>Buist</name>
  <name>Bulgaria</name>
  <name>Bull</name>
  <name>Bullard</name>
  <name>Bumble</name>
  <name>Bumkin</name>
  <name>Bunny</name>
  <name>Burghley</name>
  <name>Burkina Faso</name>
  <name>Burma</name>
  <name>Burns</name>
  <name>Burundi</name>
  <name>Butch</name>
  <name>Butovo</name>
  <name>Butt</name>
  <name>Butugychag</name>
  <name>Byard</name>
  <name>Bykivna</name>
  <name>Cactus</name>
  <name>Caddy</name>
  <name>Cadillaceista</name>
  <name>Cadillacilla</name>
  <name>Cadillacin</name>
  <name>Cádiziin</name>
  <name>Cádizin</name>
  <name>Café</name>
  <name>Calabriaa</name>
  <name>Camaratin</name>
  <name>Camero</name>
  <name>Camerosta</name>
  <name>Campagna</name>
  <name>Campbellin</name>
  <name>Canales</name>
  <name>Canalilla</name>
  <name>Candide</name>
  <name>Candy</name>
  <name>Canelita</name>
  <name>Cannabis japonica</name>
  <name>Canyoniin</name>
  <name>Canyonin</name>
  <name>Capitoliin</name>
  <name>Capranicasta</name>
  <name>Caracas</name>
  <name>Caracasissa</name>
  <name>Cardoza</name>
  <name>Carlosiin</name>
  <name>Carlosin</name>
  <name>Carlossa</name>
  <name>Carlotta</name>
  <name>Carlsbadiin</name>
  <name>Carmela</name>
  <name>Carmine</name>
  <name>Carolyn</name>
  <name>Carpe</name>
  <name>Carradine</name>
  <name>Carradinen</name>
  <name>Carterin</name>
  <name>Carterinkin</name>
  <name>Carterista</name>
  <name>Carterkin</name>
  <name>Carver</name>
  <name>Casablancaan</name>
  <name>Casablancassa</name>
  <name>CASINO</name>
  <name>Cass</name>
  <name>Castle</name>
  <name>Castlea</name>
  <name>Castlelta</name>
  <name>Castlen</name>
  <name>Catalina</name>
  <name>Catchworth</name>
  <name>Catchworthiin</name>
  <name>Catchworthin</name>
  <name>Cateria</name>
  <name>Caterina</name>
  <name>Cath</name>
  <name>Cathcart</name>
  <name>Cats</name>
  <name>Catsin</name>
  <name>Causton</name>
  <name>Caustonin</name>
  <name>Caustonissa</name>
  <name>Caymansaaret</name>
  <name>Cedar</name>
  <name>Ceil</name>
  <name>Celesten</name>
  <name>Celica</name>
  <name>Céline</name>
  <name>Celinen</name>
  <name>Cent</name>
  <name>Centabank</name>
  <name>Centabankille</name>
  <name>Centabankin</name>
  <name>Centabankissa</name>
  <name>Centabankissä</name>
  <name>Centabankistä</name>
  <name>Center</name>
  <name>Centerin</name>
  <name>Centeriä</name>
  <name>Central</name>
  <name>Centralissa</name>
  <name>Cerusio</name>
  <name>Cessnansa</name>
  <name>Ceuta ja Melilla</name>
  <name>Chabot</name>
  <name>Chaderd</name>
  <name>Champs</name>
  <name>Chan</name>
  <name>Chanelin</name>
  <name>Chao</name>
  <name>Chaplin</name>
  <name>Chaplinin</name>
  <name>Charlene</name>
  <name>Charlielta</name>
  <name>Charlien</name>
  <name>Charlieta</name>
  <name>Charlton</name>
  <name>Charming</name>
  <name>Charmingin</name>
  <name>Charmingissa</name>
  <name>Chatquipet</name>
  <name>Chaumiéres</name>
  <name>Cheever</name>
  <name>Chen</name>
  <name>Chengyang</name>
  <name>Cherie</name>
  <name>Cherokee</name>
  <name>Cherry</name>
  <name>Chesterfield</name>
  <name>Chi</name>
  <name>Chico</name>
  <name>Chile</name>
  <name>Chin</name>
  <name>Chip</name>
  <name>Chiselhurstista</name>
  <name>Chouniño</name>
  <name>Christa</name>
  <name>Chu</name>
  <name>Chubby</name>
  <name>Chun</name>
  <name>Chung</name>
  <name>Church</name>
  <name>Churchillin</name>
  <name>Churchillistä</name>
  <name>Churh</name>
  <name>Churlyn</name>
  <name>Chusta</name>
  <name>Chuta</name>
  <name>Ciccio</name>
  <name>Cid</name>
  <name>Cilla</name>
  <name>Cincinnatin</name>
  <name>Cinnamon</name>
  <name>Cinnamonin</name>
  <name>Circus</name>
  <name>Cissy</name>
  <name>Citroên</name>
  <name>Clairea</name>
  <name>Clairelle</name>
  <name>Clairen</name>
  <name>Clancya</name>
  <name>Clare</name>
  <name>Clarisse</name>
  <name>Clarkea</name>
  <name>Clarken</name>
  <name>Clarkesta</name>
  <name>Claudette</name>
  <name>Claudion</name>
  <name>Clayn</name>
  <name>Clearwaterissa</name>
  <name>Clevelandissa</name>
  <name>Cliff</name>
  <name>Clintridge</name>
  <name>Clinty</name>
  <name>Clippertoninsaari</name>
  <name>Clive</name>
  <name>Cloé</name>
  <name>Club</name>
  <name>Clubista</name>
  <name>Clutter</name>
  <name>Clutterien</name>
  <name>Clutterilta</name>
  <name>Clutterin</name>
  <name>Clutterista</name>
  <name>Clutterit</name>
  <name>Coalhouse</name>
  <name>Cocos</name>
  <name>Coghin</name>
  <name>Coke</name>
  <name>Coley</name>
  <name>Collette</name>
  <name>Collingwood</name>
  <name>Collinskin</name>
  <name>colombialainen</name>
  <name>Columbiassa</name>
  <name>com</name>
  <name>Companyssa</name>
  <name>Conan</name>
  <name>Congin</name>
  <name>Connorilla</name>
  <name>Conradia</name>
  <name>Conradin</name>
  <name>Constantine</name>
  <name>Cook</name>
  <name>Cookinsaaret</name>
  <name>Cookson</name>
  <name>Cooperia</name>
  <name>Cooperilla</name>
  <name>Cooperille</name>
  <name>Cooperin</name>
  <name>Cooperista</name>
  <name>Cordelia</name>
  <name>Coreyn</name>
  <name>Corinnelle</name>
  <name>Corkista</name>
  <name>Cormack</name>
  <name>Corolla</name>
  <name>corps</name>
  <name>Corrie</name>
  <name>Corvetten</name>
  <name>Cosgrove</name>
  <name>Cosimo</name>
  <name>Costa Rica</name>
  <name>Côte d’Ivoire</name>
  <name>Cotton</name>
  <name>Countyssa</name>
  <name>Courtissa</name>
  <name>Cove</name>
  <name>Cozumel</name>
  <name>Crandon</name>
  <name>Crawley</name>
  <name>Creek</name>
  <name>Creekiin</name>
  <name>Creekin</name>
  <name>Creekistä</name>
  <name>Créme</name>
  <name>Cristóbal</name>
  <name>Cross</name>
  <name>Croucher</name>
  <name>Croucherin</name>
  <name>Crow</name>
  <name>Crown</name>
  <name>Cruise</name>
  <name>Cruisen</name>
  <name>Crupidia</name>
  <name>Cruzin</name>
  <name>Culliacan</name>
  <name>Cully</name>
  <name>Curaçao</name>
  <name>Curan</name>
  <name>Curanin</name>
  <name>Curly</name>
  <name>Curtisilta</name>
  <name>Curvy</name>
  <name>Custer</name>
  <name>Cutlass</name>
  <name>Cybill</name>
  <name>D4</name>
  <name>D9</name>
  <name>Daddyn</name>
  <name>Dahmer</name>
  <name>Daily</name>
  <name>Dailyssa</name>
  <name>Dakatsu</name>
  <name>Dakuan</name>
  <name>Dalai</name>
  <name>Dallasin</name>
  <name>Dallasissa</name>
  <name>Dallasista</name>
  <name>Daltry</name>
  <name>Daly</name>
  <name>Dame</name>
  <name>Daniela</name>
  <name>Danno</name>
  <name>Danubeen</name>
  <name>Daria</name>
  <name>Dark</name>
  <name>Darkin</name>
  <name>Davie</name>
  <name>de</name>
  <name>DeAngelis</name>
  <name>Debbien</name>
  <name>Debbiet</name>
  <name>Dechdar</name>
  <name>DeCosta</name>
  <name>DeCostan</name>
  <name>Deena</name>
  <name>Deenaa</name>
  <name>Deenalle</name>
  <name>Deenan</name>
  <name>Deke</name>
  <name>Delacroix</name>
  <name>Delarose</name>
  <name>Delgado</name>
  <name>Delian</name>
  <name>Delilah</name>
  <name>Della</name>
  <name>Delores</name>
  <name>DeLosan</name>
  <name>Denveriin</name>
  <name>Denverin</name>
  <name>Denverissäkin</name>
  <name>Derringer</name>
  <name>Desert</name>
  <name>Deva</name>
  <name>Devereux</name>
  <name>Dianesta</name>
  <name>Dicksonia</name>
  <name>Didi</name>
  <name>Diego Garcia</name>
  <name>Diem</name>
  <name>Dierdre</name>
  <name>Dieter</name>
  <name>DiLaurentis</name>
  <name>DiLaurentiseille</name>
  <name>DiLaurentisin</name>
  <name>Dinah</name>
  <name>Dingbat</name>
  <name>Dingbatin</name>
  <name>Dino</name>
  <name>DiNozzolla</name>
  <name>DiNozzolta</name>
  <name>DiNozzon</name>
  <name>DiNozzoon</name>
  <name>Dipesto</name>
  <name>DiPesto</name>
  <name>DiPestoa</name>
  <name>DiPeston</name>
  <name>DiPestosta</name>
  <name>Dirk</name>
  <name>Disneylandiin</name>
  <name>Disneylandin</name>
  <name>Disneynkin</name>
  <name>Distinguished</name>
  <name>DJ</name>
  <name>Djibouti</name>
  <name>Djurgårn</name>
  <name>Dobie</name>
  <name>Dobien</name>
  <name>Dodge</name>
  <name>Dody</name>
  <name>Dogface</name>
  <name>Dolby</name>
  <name>Dolcea</name>
  <name>Dominica</name>
  <name>Dominikaaninen tasavalta</name>
  <name>Dominiquelle</name>
  <name>Dominiquessa</name>
  <name>Donatella</name>
  <name>Doonan</name>
  <name>Doonanin</name>
  <name>Dora</name>
  <name>Doran</name>
  <name>Dorikseksi</name>
  <name>Doriksen</name>
  <name>Dorishan</name>
  <name>Dorista</name>
  <name>Dostojevski</name>
  <name>Dotty</name>
  <name>Dougherty</name>
  <name>Dowd</name>
  <name>Downey</name>
  <name>Drago</name>
  <name>Drechad</name>
  <name>DuBois</name>
  <name>Duce</name>
  <name>Duck</name>
  <name>Ducky</name>
  <name>Duckya</name>
  <name>Duckylle</name>
  <name>Duckyn</name>
  <name>Ducrucq</name>
  <name>Duntz</name>
  <name>Duquez</name>
  <name>Duquezia</name>
  <name>Durango</name>
  <name>Durrow</name>
  <name>Dussaut</name>
  <name>Dusty</name>
  <name>Dye</name>
  <name>Dynamics</name>
  <name>Eagles</name>
  <name>Eartha</name>
  <name>Eastendersin</name>
  <name>Eastwoodin</name>
  <name>eBaysta</name>
  <name>Ebba</name>
  <name>Ecuador</name>
  <name>Ed</name>
  <name>Eddy</name>
  <name>Edgeware</name>
  <name>Edna</name>
  <name>Edwina</name>
  <name>Effinghamin</name>
  <name>Efrata</name>
  <name>Egerton</name>
  <name>Egg</name>
  <name>Eggiksi</name>
  <name>Eggiä</name>
  <name>Egil</name>
  <name>Egotrippi</name>
  <name>Egypti</name>
  <name>egyptiä</name>
  <name>Eichmann</name>
  <name>Eileenin</name>
  <name>El Salvador</name>
  <name>Eldred</name>
  <name>Electric</name>
  <name>Electriciin</name>
  <name>Eleonora</name>
  <name>Elfrida</name>
  <name>Elite</name>
  <name>Elizabethille</name>
  <name>Elizabethin</name>
  <name>Elizabethko</name>
  <name>Elliotson</name>
  <name>Elliott</name>
  <name>Elysées</name>
  <name>Em</name>
  <name>Emanuelle</name>
  <name>Emilykö</name>
  <name>Emilyn</name>
  <name>Emilysta</name>
  <name>Emilystä</name>
  <name>Emilyyn</name>
  <name>Emmanuelille</name>
  <name>Emmanuelin</name>
  <name>Emmy</name>
  <name>Ems</name>
  <name>Enaprilin</name>
  <name>Enberg</name>
  <name>Enchanté</name>
  <name>Engels</name>
  <name>Engelsin</name>
  <name>Engelsiä</name>
  <name>Enid</name>
  <name>Enmark</name>
  <name>Enrico</name>
  <name>Erdos</name>
  <name>Ergo</name>
  <name>Erhard</name>
  <name>Ericille</name>
  <name>Ericin</name>
  <name>Ericiä</name>
  <name>Erick</name>
  <name>Eritrea</name>
  <name>Erling</name>
  <name>Erma</name>
  <name>Ernien</name>
  <name>Erniestä</name>
  <name>Erström</name>
  <name>Esdale</name>
  <name>Esmeraldako</name>
  <name>Espanja</name>
  <name>Esprit</name>
  <name>Essex</name>
  <name>Essexin</name>
  <name>Essexiä</name>
  <name>Esslyn</name>
  <name>Estella</name>
  <name>Estrada</name>
  <name>ESU</name>
  <name>Eswatini</name>
  <name>Etelä-Aasia</name>
  <name>Etelä-Afrikka</name>
  <name>Etelä-Amerikka</name>
  <name>Etelä-Eurooppa</name>
  <name>Etelä-Georgia ja Eteläiset Sandwichsaaret</name>
  <name>eteläinen Afrikka</name>
  <name>Etelä-Korea</name>
  <name>Etelä-Sudan</name>
  <name>Etiopia</name>
  <name>Eugénie</name>
  <name>Eugenio</name>
  <name>euroalue</name>
  <name>Euroopan unioni</name>
  <name>Eurooppa</name>
  <name>Eustace</name>
  <name>Eva</name>
  <name>Eveanna</name>
  <name>Evekin</name>
  <name>Evelyniä</name>
  <name>Even</name>
  <name>Everestille</name>
  <name>Evestä</name>
  <name>Evie</name>
  <name>Explorer</name>
  <name>Expressen</name>
  <name>Exxon</name>
  <name>Ezra</name>
  <name>F3</name>
  <name>F6</name>
  <name>FAA</name>
  <name>Fabio</name>
  <name>Facebookia</name>
  <name>Fairchildin</name>
  <name>Falklandinsaaret</name>
  <name>Fallujahissa</name>
  <name>Fallujassa</name>
  <name>Famke</name>
  <name>Farah</name>
  <name>Farleyn</name>
  <name>Farm</name>
  <name>Fasar</name>
  <name>Fay</name>
  <name>Faye</name>
  <name>Fayn</name>
  <name>Fedalan</name>
  <name>Federica</name>
  <name>Felice</name>
  <name>Felicity</name>
  <name>Fenwick</name>
  <name>Fenwickin</name>
  <name>Ferdinando</name>
  <name>Fergusonia</name>
  <name>Fidži</name>
  <name>Fields</name>
  <name>Filip</name>
  <name>Filipin</name>
  <name>Filippiinit</name>
  <name>Filippo</name>
  <name>Filippuksen</name>
  <name>Filippus</name>
  <name>Financial</name>
  <name>Fincey</name>
  <name>Finchin</name>
  <name>Finchley</name>
  <name>Finn</name>
  <name>Finney</name>
  <name>Finnis</name>
  <name>Fiorella</name>
  <name>Fisher</name>
  <name>Fitzgeraldin</name>
  <name>Fitziksi</name>
  <name>Fjodor Dostojevski</name>
  <name>Fjodor Mihailovitš Dostojevski</name>
  <name>Flatbushissa</name>
  <name>Flav</name>
  <name>Flavini</name>
  <name>Fleischman</name>
  <name>Fleta</name>
  <name>Flossie</name>
  <name>Floydilta</name>
  <name>Floydin</name>
  <name>Foggerty</name>
  <name>Forgach</name>
  <name>Forrest</name>
  <name>Forsyth</name>
  <name>Fort</name>
  <name>Foxy</name>
  <name>Frances</name>
  <name>Francesca</name>
  <name>Francescalle</name>
  <name>Francios</name>
  <name>Francois</name>
  <name>Francoise</name>
  <name>FRANCOISE</name>
  <name>Franke</name>
  <name>Frannie</name>
  <name>Frenchy</name>
  <name>Friman</name>
  <name>Frutti</name>
  <name>FSB</name>
  <name>Fun</name>
  <name>futurefilm</name>
  <name>Führer</name>
  <name>Führeria</name>
  <name>Führerille</name>
  <name>Führerillesi</name>
  <name>Führerimme</name>
  <name>Führerin</name>
  <name>Führerini</name>
  <name>Führerinä</name>
  <name>Färsaaret</name>
  <name>Gabon</name>
  <name>Gabriele</name>
  <name>Gaddafi</name>
  <name>Gadge</name>
  <name>Gadget</name>
  <name>Gaga</name>
  <name>Gage</name>
  <name>Gagea</name>
  <name>Gagen</name>
  <name>Galenos</name>
  <name>Galindo</name>
  <name>Galindon</name>
  <name>Galindoon</name>
  <name>Gambetti</name>
  <name>Gambettille</name>
  <name>Gambettilta</name>
  <name>Gambettin</name>
  <name>Gambia</name>
  <name>Gamble</name>
  <name>Gandorin</name>
  <name>Gangissa</name>
  <name>Gangrene</name>
  <name>Gaozun</name>
  <name>García</name>
  <name>Garden</name>
  <name>Gardens</name>
  <name>Garfield</name>
  <name>Garmfieldin</name>
  <name>Garmischissa</name>
  <name>Garon</name>
  <name>Garonille</name>
  <name>Garonilta</name>
  <name>Garry</name>
  <name>Garth</name>
  <name>Gaston</name>
  <name>Gates</name>
  <name>Gator</name>
  <name>Gaudí</name>
  <name>Gavling</name>
  <name>Gazette</name>
  <name>Gdanskissa</name>
  <name>Gehryn</name>
  <name>Geir</name>
  <name>Gellert</name>
  <name>Gem</name>
  <name>Gemini</name>
  <name>Gene</name>
  <name>General</name>
  <name>Genzanon</name>
  <name>Georgesin</name>
  <name>Georgette</name>
  <name>Georgi</name>
  <name>Georgia</name>
  <name>Georgien</name>
  <name>Gerhard</name>
  <name>Germain</name>
  <name>Germaine</name>
  <name>Gert</name>
  <name>Gertrud</name>
  <name>Gertrude</name>
  <name>Gestapolle</name>
  <name>Ghana</name>
  <name>Giancarlo</name>
  <name>Giannelli</name>
  <name>Gianni</name>
  <name>Giants</name>
  <name>Gibbsille</name>
  <name>Gibbsillä</name>
  <name>Gibbsiä</name>
  <name>Gibraltar</name>
  <name>Gideon</name>
  <name>Gideonin</name>
  <name>Gifford</name>
  <name>Gil</name>
  <name>Gilardi</name>
  <name>Giles</name>
  <name>Gill</name>
  <name>Gillin</name>
  <name>Ginger</name>
  <name>Giotto</name>
  <name>Giotton</name>
  <name>Giovanna</name>
  <name>Girlistä</name>
  <name>Girliä</name>
  <name>Gita</name>
  <name>Gitmo</name>
  <name>Gitmoon</name>
  <name>Gitmossa</name>
  <name>Gitmosta</name>
  <name>Giulietta</name>
  <name>Giulio</name>
  <name>Giuliolle</name>
  <name>Giya</name>
  <name>Glacer</name>
  <name>Gladstone</name>
  <name>Glee</name>
  <name>Glennille</name>
  <name>Glennin</name>
  <name>Glennis</name>
  <name>Glenniä</name>
  <name>Gliesen</name>
  <name>Global</name>
  <name>Globalin</name>
  <name>Glory</name>
  <name>Godby</name>
  <name>Goebbels</name>
  <name>Gogh</name>
  <name>Golden</name>
  <name>Goldsteinin</name>
  <name>Goletassa</name>
  <name>Goletasta</name>
  <name>Goode</name>
  <name>googlettaa</name>
  <name>Gordo</name>
  <name>Gossip</name>
  <name>Gottfried</name>
  <name>Goya</name>
  <name>GPU</name>
  <name>Grace</name>
  <name>Gracelandiin</name>
  <name>Gracelandiksi</name>
  <name>Gradisca</name>
  <name>Grady</name>
  <name>Graig</name>
  <name>Grand</name>
  <name>Gras</name>
  <name>Gravesin</name>
  <name>Gray</name>
  <name>Graysoneista</name>
  <name>Graysoneita</name>
  <name>Graysonien</name>
  <name>Graysonilta</name>
  <name>Graysonin</name>
  <name>Graysonit</name>
  <name>grazie</name>
  <name>Grazie</name>
  <name>Greenen</name>
  <name>Greenhow</name>
  <name>Greenwood</name>
  <name>Gregorio</name>
  <name>Gregsonia</name>
  <name>Gregsoniin</name>
  <name>Gregsonille</name>
  <name>Grenada</name>
  <name>Gresham</name>
  <name>Greta</name>
  <name>Gretakin</name>
  <name>Gretan</name>
  <name>Griff</name>
  <name>Griffiksi</name>
  <name>Griffille</name>
  <name>Grigor</name>
  <name>Grimm</name>
  <name>Grinns</name>
  <name>Grinsteadin</name>
  <name>Gris</name>
  <name>Grissomia</name>
  <name>Groganin</name>
  <name>Grotowski</name>
  <name>Grotowskista</name>
  <name>Groves</name>
  <name>Grumble</name>
  <name>Gruppenführer</name>
  <name>Grönlanti</name>
  <name>Guadalcanal</name>
  <name>Guadalcanalilta</name>
  <name>Guadalcanalista</name>
  <name>Guadeloupe</name>
  <name>Guam</name>
  <name>Guan</name>
  <name>Guardian</name>
  <name>Guatemala</name>
  <name>Guccilta</name>
  <name>Guernsey</name>
  <name>Guerrea</name>
  <name>Guerrero</name>
  <name>Guido</name>
  <name>Guinea</name>
  <name>Guinea-Bissau</name>
  <name>Guinness</name>
  <name>Guinnessin</name>
  <name>Gulkov</name>
  <name>Gulkovin</name>
  <name>Gumball</name>
  <name>Gunvald</name>
  <name>Gunvaldin</name>
  <name>Gunvaldista</name>
  <name>Gustave</name>
  <name>Gustavea</name>
  <name>Gustaven</name>
  <name>Gustavesta</name>
  <name>Guts</name>
  <name>Guy</name>
  <name>Guyana</name>
  <name>Günther</name>
  <name>Göbbels</name>
  <name>Göbbelsin</name>
  <name>Göran</name>
  <name>Göringin</name>
  <name>Göte</name>
  <name>Haadeksen</name>
  <name>Haades</name>
  <name>Hackett</name>
  <name>Haddick</name>
  <name>Hadleigh</name>
  <name>Haggerty</name>
  <name>Haggertya</name>
  <name>Haiti</name>
  <name>Hakim</name>
  <name>Halligon</name>
  <name>Halloway</name>
  <name>Halsted</name>
  <name>Hammesbackista</name>
  <name>Hampstead</name>
  <name>Hamptonista</name>
  <name>Handjob</name>
  <name>Handjobille</name>
  <name>Hanksista</name>
  <name>Hannagan</name>
  <name>Hannahille</name>
  <name>Hannahin</name>
  <name>Hapschatt</name>
  <name>Harbor</name>
  <name>Harboriin</name>
  <name>Harborissa</name>
  <name>Hardyn</name>
  <name>Harkova</name>
  <name>Harkovaan</name>
  <name>Harlemin</name>
  <name>Harlemissa</name>
  <name>Harlemista</name>
  <name>Harley</name>
  <name>Harmagedonin</name>
  <name>Harmon</name>
  <name>Harrietin</name>
  <name>Harriett</name>
  <name>Hartig</name>
  <name>Harveyt</name>
  <name>Hasse</name>
  <name>Hatch</name>
  <name>Hattie</name>
  <name>Hauglin</name>
  <name>Hauser</name>
  <name>Hauserin</name>
  <name>Hauserina</name>
  <name>Hauserinko</name>
  <name>Hauserista</name>
  <name>Havajin</name>
  <name>Haveniin</name>
  <name>Hayley</name>
  <name>Hayleyn</name>
  <name>Hayridessa</name>
  <name>Hazel</name>
  <name>HBO</name>
  <name>Heard ja McDonaldinsaaret</name>
  <name>Hearstia</name>
  <name>Hearstin</name>
  <name>Heartbreak</name>
  <name>Heartia</name>
  <name>Heath</name>
  <name>Heathcliff</name>
  <name>Heck</name>
  <name>Heckille</name>
  <name>Heckin</name>
  <name>Hecky</name>
  <name>Hectorille</name>
  <name>Hectorin</name>
  <name>Hefaistos</name>
  <name>Hefaistosta</name>
  <name>Heights</name>
  <name>Heinekenin</name>
  <name>Heinz</name>
  <name>Helenin</name>
  <name>Hemingwayn</name>
  <name>Hendrix</name>
  <name>Henley</name>
  <name>Hennesseyn</name>
  <name>Henrietta</name>
  <name>Henriettasta</name>
  <name>Henriksen</name>
  <name>Heraldia</name>
  <name>Herb</name>
  <name>Herbie</name>
  <name>Herbien</name>
  <name>Herbin</name>
  <name>Herbistä</name>
  <name>Herman's</name>
  <name>Herminie</name>
  <name>Hermits</name>
  <name>Herodias</name>
  <name>Herta</name>
  <name>Hester</name>
  <name>Hewittin</name>
  <name>Hewittiä</name>
  <name>Heydrich</name>
  <name>Hickock</name>
  <name>Hickockille</name>
  <name>Hickockin</name>
  <name>Hideki</name>
  <name>Hikawassa</name>
  <name>Hilde</name>
  <name>Hildebrand</name>
  <name>Hill</name>
  <name>hillbilly</name>
  <name>hillbillyä</name>
  <name>Hillsissä</name>
  <name>Hiltonin</name>
  <name>Hiltonissa</name>
  <name>Himmler</name>
  <name>Hina</name>
  <name>Hindley</name>
  <name>Hippokrates</name>
  <name>Hiroku</name>
  <name>Hiruko</name>
  <name>Hirukon</name>
  <name>Hizbollah</name>
  <name>Hjördis</name>
  <name>HMS</name>
  <name>Hobbs</name>
  <name>Hobokeniin</name>
  <name>Hobokenissa</name>
  <name>Hoffa</name>
  <name>Hogan</name>
  <name>Holbling</name>
  <name>Holcomb</name>
  <name>Holcombissa</name>
  <name>Holeen</name>
  <name>Holessa</name>
  <name>Holesta</name>
  <name>Hollisia</name>
  <name>Hollisin</name>
  <name>Hollisissa</name>
  <name>Hollowayn</name>
  <name>Holly</name>
  <name>Holmby</name>
  <name>Holtzwihrissa</name>
  <name>Homer</name>
  <name>Homie</name>
  <name>Honduras</name>
  <name>Honey</name>
  <name>Hongkong</name>
  <name>Hongmen</name>
  <name>Hongmenin</name>
  <name>Honolululla</name>
  <name>Honolulun</name>
  <name>Honor</name>
  <name>Honoria</name>
  <name>Hoodiin</name>
  <name>Hoover</name>
  <name>Hopper</name>
  <name>Hopperia</name>
  <name>Hopperille</name>
  <name>Hopperin</name>
  <name>Hornung</name>
  <name>Hoss</name>
  <name>Hossin</name>
  <name>Hotelia</name>
  <name>Hoteliin</name>
  <name>Houdinin</name>
  <name>Housessa</name>
  <name>Housesta</name>
  <name>Howardin</name>
  <name>Howe</name>
  <name>Howen</name>
  <name>Hrushtshev</name>
  <name>Hu</name>
  <name>Huai</name>
  <name>Huaille</name>
  <name>Huain</name>
  <name>Huaita</name>
  <name>Huck</name>
  <name>Huckleberry</name>
  <name>Huddingen</name>
  <name>Huddingessa</name>
  <name>Huippuvuoret ja Jan Mayen</name>
  <name>Hulk</name>
  <name>Huston</name>
  <name>Hustoneilla</name>
  <name>Hustonilla</name>
  <name>Hutton</name>
  <name>Hyman</name>
  <name>Hymie</name>
  <name>Hästvedassa</name>
  <name>Ianista</name>
  <name>ICPO</name>
  <name>Iggy</name>
  <name>Iglesiasin</name>
  <name>Ignatz</name>
  <name>Ignatzille</name>
  <name>Ignatzin</name>
  <name>Ilene</name>
  <name>Ilse</name>
  <name>Imbert</name>
  <name>Indonesia</name>
  <name>Inga</name>
  <name>Ingegerd</name>
  <name>Inger</name>
  <name>Ingeriin</name>
  <name>Ingerille</name>
  <name>Ingerin</name>
  <name>Ingonish</name>
  <name>Ingram</name>
  <name>Innissä</name>
  <name>Innocentius</name>
  <name>International</name>
  <name>Intia</name>
  <name>INTX</name>
  <name>Inwood</name>
  <name>Inwoodia</name>
  <name>Inwoodilla</name>
  <name>Inwoodin</name>
  <name>Iolle</name>
  <name>iPhonen</name>
  <name>Irak</name>
  <name>Iran</name>
  <name>Irena</name>
  <name>Iris</name>
  <name>Irlanti</name>
  <name>Ishmael</name>
  <name>Islanti</name>
  <name>Ismail</name>
  <name>Ismet</name>
  <name>Iso-Britannia</name>
  <name>Israel</name>
  <name>Istvan</name>
  <name>Istvanille</name>
  <name>Istvanilta</name>
  <name>Istvanin</name>
  <name>Italia</name>
  <name>Italiaanot</name>
  <name>ITT</name>
  <name>Ituriassa</name>
  <name>Itä-Aasia</name>
  <name>Itä-Afrikka</name>
  <name>Itä-Eurooppa</name>
  <name>Itä-Timor</name>
  <name>Itävalta</name>
  <name>Ivador</name>
  <name>Ivanovna</name>
  <name>Ives</name>
  <name>Ivo</name>
  <name>iänäkö</name>
  <name>J12</name>
  <name>Jabba</name>
  <name>Jabir</name>
  <name>Jacksonvilleen</name>
  <name>Jaclyn</name>
  <name>Jacqueline</name>
  <name>Jaime</name>
  <name>Jairoksen</name>
  <name>Jairus</name>
  <name>Jakey</name>
  <name>Jamaika</name>
  <name>Janeiroon</name>
  <name>Janen</name>
  <name>Janetin</name>
  <name>Jann</name>
  <name>Januksen</name>
  <name>Japani</name>
  <name>Jarchown</name>
  <name>Jaroslav</name>
  <name>Javi</name>
  <name>Javier</name>
  <name>Javin</name>
  <name>Jax</name>
  <name>Jaxin</name>
  <name>Jaycee</name>
  <name>Jayde</name>
  <name>Jaydelle</name>
  <name>Jayn</name>
  <name>Jayne</name>
  <name>Jazeera</name>
  <name>Jeanie</name>
  <name>Jeanine</name>
  <name>Jekaterina</name>
  <name>Jelena</name>
  <name>Jellybean</name>
  <name>Jellybeania</name>
  <name>Jellybeanissa</name>
  <name>Jeltsinin</name>
  <name>Jemen</name>
  <name>Jenko</name>
  <name>Jennie</name>
  <name>Jens</name>
  <name>Jenson</name>
  <name>Jeremyn</name>
  <name>Jersey</name>
  <name>Jerseyssa</name>
  <name>Jessie</name>
  <name>Jesson</name>
  <name>Jessus</name>
  <name>Jets</name>
  <name>Jetta</name>
  <name>JFK</name>
  <name>Ji</name>
  <name>Jillin</name>
  <name>Jimhän</name>
  <name>Jiri</name>
  <name>Joanin</name>
  <name>Joaquinin</name>
  <name>Jocelyn</name>
  <name>Jocelyne</name>
  <name>Joeyn</name>
  <name>Johnsonia</name>
  <name>Johnsonin</name>
  <name>Joleen</name>
  <name>Jolene</name>
  <name>Jolenea</name>
  <name>Jolenelle</name>
  <name>Jolenen</name>
  <name>Jonatan</name>
  <name>Jonathania</name>
  <name>Jonathaniin</name>
  <name>Jonathanilla</name>
  <name>Jonathanille</name>
  <name>Jonathanin</name>
  <name>Jonesy</name>
  <name>Jong</name>
  <name>Jonnie</name>
  <name>Jonnielle</name>
  <name>Jootam</name>
  <name>Joplin</name>
  <name>Jordanairesin</name>
  <name>Jordania</name>
  <name>Jorgenson</name>
  <name>Jorgensonille</name>
  <name>Jorgensonin</name>
  <name>Jorgie</name>
  <name>Joséphine</name>
  <name>Joshuaa</name>
  <name>Joshualla</name>
  <name>Joshuan</name>
  <name>Joulusaari</name>
  <name>Jovan</name>
  <name>Joy</name>
  <name>Ju</name>
  <name>Juanita</name>
  <name>Juáreziin</name>
  <name>Juarezin</name>
  <name>Juarezissa</name>
  <name>Juárezissa</name>
  <name>Jubei</name>
  <name>Jubeille</name>
  <name>Jubein</name>
  <name>Jubeista</name>
  <name>Jude</name>
  <name>Jujyfruit</name>
  <name>Jujyfruitilla</name>
  <name>Jujyfruitin</name>
  <name>Julieksi</name>
  <name>Julien</name>
  <name>Juliettea</name>
  <name>Juliettelle</name>
  <name>Julietten</name>
  <name>Julio</name>
  <name>Julle</name>
  <name>Jullen</name>
  <name>Jung</name>
  <name>Jungin</name>
  <name>Jurek</name>
  <name>Jyashi</name>
  <name>Jyashin</name>
  <name>Jäder</name>
  <name>Jörgen</name>
  <name>K2</name>
  <name>Kaakkois-Aasia</name>
  <name>Kadi</name>
  <name>Kaganovitshin</name>
  <name>Kahnin</name>
  <name>Kaifaksen</name>
  <name>Kailia</name>
  <name>Kailin</name>
  <name>Kakarov</name>
  <name>Kalcho</name>
  <name>Kaleb</name>
  <name>Kambodža</name>
  <name>Kambodzassa</name>
  <name>Kamerun</name>
  <name>Kanada</name>
  <name>Kanariansaaret</name>
  <name>Kap Verde</name>
  <name>Karamazovin</name>
  <name>Kareem</name>
  <name>Kareninasta</name>
  <name>Karibia</name>
  <name>Karibian Alankomaat</name>
  <name>Karlberg</name>
  <name>Karlenko</name>
  <name>Karlenkoa</name>
  <name>Karol</name>
  <name>Karpovin</name>
  <name>Kaspar</name>
  <name>Katen</name>
  <name>Kathie</name>
  <name>Katsuni</name>
  <name>Katyn</name>
  <name>Katynin</name>
  <name>Katynissa</name>
  <name>Katzin</name>
  <name>kaunehin</name>
  <name>Kayne</name>
  <name>Kazakstan</name>
  <name>KBI</name>
  <name>Keatsia</name>
  <name>Keelingsaaret</name>
  <name>Kei</name>
  <name>Keira</name>
  <name>Keitaro</name>
  <name>Keitaru</name>
  <name>Keitarua</name>
  <name>Kelley</name>
  <name>Kellyn</name>
  <name>Kenia</name>
  <name>Kenin</name>
  <name>Kennethille</name>
  <name>Kentaru</name>
  <name>Kenyon</name>
  <name>Kenyonin</name>
  <name>Kern</name>
  <name>Kernan</name>
  <name>Kerrigan</name>
  <name>Kerstin</name>
  <name>Keski-Aasia</name>
  <name>Keski-Afrikan tasavalta</name>
  <name>Keski-Afrikka</name>
  <name>Kessleria</name>
  <name>Ketchum</name>
  <name>Ketchumin</name>
  <name>Keyseilla</name>
  <name>KGB</name>
  <name>Khimaira</name>
  <name>khimairaa</name>
  <name>khimairoja</name>
  <name>Khoratin</name>
  <name>Khoy</name>
  <name>Khoyhinko</name>
  <name>Khoyn</name>
  <name>Kibagami</name>
  <name>Kid</name>
  <name>Kidd</name>
  <name>Kidwellien</name>
  <name>Kierkegaard</name>
  <name>Kiina</name>
  <name>Kiinan e.h.a. Hongkong</name>
  <name>Kiinan e.h.a. Macao</name>
  <name>Kike</name>
  <name>Kilian</name>
  <name>Kimberin</name>
  <name>Kimberiä</name>
  <name>Kimble</name>
  <name>Kimmie</name>
  <name>Kimonin</name>
  <name>Kingslya</name>
  <name>Kingslyn</name>
  <name>Kinki</name>
  <name>Kinkin</name>
  <name>Kinshasan Kongo</name>
  <name>Kiowa</name>
  <name>Kiraa</name>
  <name>Kiraan</name>
  <name>Kirakin</name>
  <name>Kiraksi</name>
  <name>Kiralle</name>
  <name>Kiran</name>
  <name>Kirasta</name>
  <name>Kirgisia</name>
  <name>Kiribati</name>
  <name>Kirk</name>
  <name>kirkasvalolamppunsa</name>
  <name>Kissinger</name>
  <name>Kitt</name>
  <name>Kitty</name>
  <name>Kittyn</name>
  <name>Klasky</name>
  <name>Klaskylla</name>
  <name>Klaskylle</name>
  <name>Klea</name>
  <name>Klein</name>
  <name>Kleinia</name>
  <name>Klingström</name>
  <name>Klingströmiä</name>
  <name>Klytško</name>
  <name>km/h</name>
  <name>Knicksien</name>
  <name>Knorr</name>
  <name>Knorriin</name>
  <name>Knorrille</name>
  <name>Knorrin</name>
  <name>Knuuttila</name>
  <name>Koenig</name>
  <name>Kohlmar</name>
  <name>Koillis</name>
  <name>Koldingista</name>
  <name>Kolumbia</name>
  <name>Komorit</name>
  <name>Kongiin</name>
  <name>Kongista</name>
  <name>Kongo</name>
  <name>Kongo-Brazzaville</name>
  <name>Kongon demokraattinen tasavalta</name>
  <name>Kongon tasavalta</name>
  <name>Konnichiwa</name>
  <name>Kono</name>
  <name>Kookossaaret</name>
  <name>Kosovo</name>
  <name>Kovacsin</name>
  <name>Kovak</name>
  <name>Kovakia</name>
  <name>Kozik</name>
  <name>Kozya</name>
  <name>Kraken</name>
  <name>Krakenin</name>
  <name>Krakovaan</name>
  <name>krakovalaisesta</name>
  <name>Krakovan</name>
  <name>Krakovassa</name>
  <name>Kreikka</name>
  <name>Kris</name>
  <name>Kriss</name>
  <name>Krissiä</name>
  <name>Krissy</name>
  <name>Kristen</name>
  <name>Krister</name>
  <name>Kroatia</name>
  <name>Kronoksella</name>
  <name>Kronoksen</name>
  <name>Kronos</name>
  <name>Kronosta</name>
  <name>Kubrick</name>
  <name>Kuresakan</name>
  <name>Kutuzovsky</name>
  <name>Kuuba</name>
  <name>Kuwait</name>
  <name>Kuznetsoville</name>
  <name>Kübler</name>
  <name>Kyi</name>
  <name>Kyoko</name>
  <name>Kypros</name>
  <name>Labeck</name>
  <name>Labeckin</name>
  <name>LaCostan</name>
  <name>Laetitia</name>
  <name>LaGarda</name>
  <name>Laguna</name>
  <name>Lainie</name>
  <name>Lakersien</name>
  <name>Lakeside</name>
  <name>Lallo</name>
  <name>Lambeth</name>
  <name>Lancia</name>
  <name>Landsat</name>
  <name>Lanelle</name>
  <name>Lanen</name>
  <name>Langely</name>
  <name>Lansingin</name>
  <name>Lanski'sta</name>
  <name>Laos</name>
  <name>Larren</name>
  <name>Laszlo</name>
  <name>Latinalainen Amerikka</name>
  <name>Lattermanín</name>
  <name>Latvia</name>
  <name>Lau</name>
  <name>Laudis</name>
  <name>Laureen</name>
  <name>Lavinia</name>
  <name>Laylan</name>
  <name>Leah</name>
  <name>Lear</name>
  <name>Leavenworth</name>
  <name>Ledniczky</name>
  <name>Leen</name>
  <name>Lefranc</name>
  <name>Lefrancsin</name>
  <name>Leftwitch</name>
  <name>Legion</name>
  <name>Leland</name>
  <name>Lelandin</name>
  <name>Lennie</name>
  <name>Lenora</name>
  <name>Leo Tolstoi</name>
  <name>Leonin</name>
  <name>Leonitchka</name>
  <name>Leontine</name>
  <name>Leopoldvillen Kongo</name>
  <name>Leroysta</name>
  <name>Lesotho</name>
  <name>Lestradea</name>
  <name>Lestradekaan</name>
  <name>Letizia</name>
  <name>Lev</name>
  <name>Lew</name>
  <name>Lev Nikolajevitš Tolstoi</name>
  <name>Lewisille</name>
  <name>Lewisin</name>
  <name>Liang</name>
  <name>Liangin</name>
  <name>Libanon</name>
  <name>Liberia</name>
  <name>Libertyn</name>
  <name>Libre</name>
  <name>Libya</name>
  <name>Licha</name>
  <name>Lidia</name>
  <name>Liebkind</name>
  <name>Liechtenstein</name>
  <name>Liettua</name>
  <name>Life</name>
  <name>Lifelle</name>
  <name>Lifen</name>
  <name>Light</name>
  <name>Liliana</name>
  <name>Lillehammerissa</name>
  <name>Lilly</name>
  <name>Lily</name>
  <name>Limbkins</name>
  <name>Limmarediin</name>
  <name>Lincolnin</name>
  <name>Lindsayn</name>
  <name>Lindseylle</name>
  <name>Lindseyn</name>
  <name>Lindy</name>
  <name>Linley</name>
  <name>Lion</name>
  <name>Lippman</name>
  <name>Lise</name>
  <name>Lita</name>
  <name>Littré</name>
  <name>Liu</name>
  <name>Liun</name>
  <name>Liusta</name>
  <name>Liverpoolissa</name>
  <name>Livingstone</name>
  <name>Lizille</name>
  <name>Lizillä</name>
  <name>Liziltä</name>
  <name>Lizin</name>
  <name>Lizzy</name>
  <name>Lobo</name>
  <name>Lobolla</name>
  <name>Loch</name>
  <name>Lodge</name>
  <name>Lodgeen</name>
  <name>Loftegård</name>
  <name>Lone</name>
  <name>Long</name>
  <name>Lonny</name>
  <name>Loomisille</name>
  <name>Loomisin</name>
  <name>Loot</name>
  <name>Lootin</name>
  <name>Loreen</name>
  <name>Lorenzo</name>
  <name>Lorin</name>
  <name>Lorrainen</name>
  <name>Lottie</name>
  <name>Louisea</name>
  <name>Louisen</name>
  <name>Loungessa</name>
  <name>LOVE</name>
  <name>Lovisa</name>
  <name>Luanne</name>
  <name>Luce</name>
  <name>Lucea</name>
  <name>Lucesta</name>
  <name>Luchino</name>
  <name>Lucien</name>
  <name>Luciennea</name>
  <name>Luciferia</name>
  <name>Lucillea</name>
  <name>Lucky</name>
  <name>Lucretia</name>
  <name>Lucretian</name>
  <name>Lufthansa</name>
  <name>Luftwaffen</name>
  <name>Lugosy</name>
  <name>Luisa</name>
  <name>Lumley</name>
  <name>Luna</name>
  <name>Lundin</name>
  <name>Lurchia</name>
  <name>Luthorin</name>
  <name>Luxemburg</name>
  <name>Lwin</name>
  <name>Lvov</name>
  <name>Lyddiard</name>
  <name>Lynchburgiin</name>
  <name>Lyndon</name>
  <name>Långsjö</name>
  <name>Lähdesmäki</name>
  <name>Längsjö</name>
  <name>Länsi-Aasia</name>
  <name>Länsi-Afrikka</name>
  <name>Länsi-Eurooppa</name>
  <name>Länsi-Sahara</name>
  <name>Mabel</name>
  <name>Mabelin</name>
  <name>Macao</name>
  <name>MacGilicuddy</name>
  <name>MacGilicuddya</name>
  <name>MacGilicuddylle</name>
  <name>MacGilicuddyn</name>
  <name>MacGillicudy</name>
  <name>MacGillicudylle</name>
  <name>MacGillicudyn</name>
  <name>Mack</name>
  <name>Madagaskar</name>
  <name>Maddalena</name>
  <name>Maddalenan</name>
  <name>Maddenit</name>
  <name>Maddie</name>
  <name>Maddielle</name>
  <name>Maddien</name>
  <name>Madelinelle</name>
  <name>Madelinen</name>
  <name>Madelyn</name>
  <name>Madigan</name>
  <name>Madiganin</name>
  <name>Madisonista</name>
  <name>Magadanissa</name>
  <name>Magnusson</name>
  <name>Maguiressa</name>
  <name>Mahmoud</name>
  <name>Mainesta</name>
  <name>Majors</name>
  <name>Makepeace</name>
  <name>Makhai</name>
  <name>Maki</name>
  <name>Malawi</name>
  <name>Malediivit</name>
  <name>Malesia</name>
  <name>Mali</name>
  <name>Malibun</name>
  <name>Malibussa</name>
  <name>Maloney</name>
  <name>Maloneyn</name>
  <name>Malotke</name>
  <name>Malta</name>
  <name>Malvinassaaret</name>
  <name>Mandela</name>
  <name>Mandelbrot</name>
  <name>Mandelbrotin</name>
  <name>manina</name>
  <name>Manningin</name>
  <name>Mansaari</name>
  <name>Manson</name>
  <name>Mantios</name>
  <name>Mantle</name>
  <name>Marbella</name>
  <name>Marcel</name>
  <name>Marcella</name>
  <name>Marcellino</name>
  <name>Marcello</name>
  <name>Marcelloa</name>
  <name>Marcellolle</name>
  <name>Marcellon</name>
  <name>Marcia</name>
  <name>Marciano</name>
  <name>Marcin</name>
  <name>Marcuksesta</name>
  <name>Marcusin</name>
  <name>Mardi</name>
  <name>Margarethe</name>
  <name>Margarethin</name>
  <name>Margaritan</name>
  <name>Margeaux</name>
  <name>Margheritan</name>
  <name>Margittay</name>
  <name>Margittayta</name>
  <name>Mariangela</name>
  <name>Mariann</name>
  <name>Marilynille</name>
  <name>Marishka</name>
  <name>Marius</name>
  <name>Markl</name>
  <name>Marks</name>
  <name>Marksille</name>
  <name>Marlee</name>
  <name>Marlon</name>
  <name>Marlowelle</name>
  <name>Marnie</name>
  <name>Marokko</name>
  <name>Marquand</name>
  <name>Marshallinsaaret</name>
  <name>Marta</name>
  <name>Martillon</name>
  <name>Martina</name>
  <name>Martinique</name>
  <name>Martyn</name>
  <name>Marva</name>
  <name>Marvel</name>
  <name>Maryjane</name>
  <name>Mascha</name>
  <name>Maseratin</name>
  <name>Massie</name>
  <name>Massimo</name>
  <name>Mata</name>
  <name>Mateo</name>
  <name>Mathéo</name>
  <name>Mathieu</name>
  <name>Matrix</name>
  <name>Mats</name>
  <name>Matsuda</name>
  <name>Matte</name>
  <name>Matterhornille</name>
  <name>Mattin</name>
  <name>Matuku</name>
  <name>Maud</name>
  <name>Mauritania</name>
  <name>Mauritius</name>
  <name>Mavis</name>
  <name>Maxie</name>
  <name>Maximillion</name>
  <name>May</name>
  <name>Mayn</name>
  <name>Maynard</name>
  <name>Mayotte</name>
  <name>McArdle's</name>
  <name>McClafferty</name>
  <name>McClain</name>
  <name>McClane</name>
  <name>McCrudden</name>
  <name>McDonald'sia</name>
  <name>McDonald'siin</name>
  <name>McDonald'sin</name>
  <name>McDougal</name>
  <name>McGeelle</name>
  <name>McGeen</name>
  <name>McGilliguddy</name>
  <name>McGillikuddie</name>
  <name>McGowen</name>
  <name>McGowenilla</name>
  <name>McGowenille</name>
  <name>medica</name>
  <name>Medici</name>
  <name>Meier</name>
  <name>Mekka</name>
  <name>Mekong</name>
  <name>Meksiko</name>
  <name>Melanesia</name>
  <name>Melanien</name>
  <name>Melina</name>
  <name>Melinaa</name>
  <name>Melinan</name>
  <name>Melissaa</name>
  <name>Melissan</name>
  <name>Melkior</name>
  <name>Memphisiin</name>
  <name>Memphisin</name>
  <name>Memphisissä</name>
  <name>Memphisistä</name>
  <name>Memphisiä</name>
  <name>memphisläistä</name>
  <name>Mercy</name>
  <name>Meredithiä</name>
  <name>Meredyth</name>
  <name>Merle</name>
  <name>Meryl</name>
  <name>Mesmer</name>
  <name>Mesquite</name>
  <name>Messiter</name>
  <name>Metall</name>
  <name>Metropolitan</name>
  <name>Mets</name>
  <name>Mewsissä</name>
  <name>MGM</name>
  <name>Michaelangelo</name>
  <name>Michelangelon</name>
  <name>Michellen</name>
  <name>Michelleä</name>
  <name>Micke</name>
  <name>Micken</name>
  <name>Middlesex</name>
  <name>Midsomer</name>
  <name>Midsomerin</name>
  <name>Midway</name>
  <name>Midwaylla</name>
  <name>Midwaylle</name>
  <name>Midwayn</name>
  <name>Mihail</name>
  <name>Mik</name>
  <name>Mikado</name>
  <name>Mikella</name>
  <name>Mikhail</name>
  <name>Miklos</name>
  <name>Mikolaj</name>
  <name>Mikronesia</name>
  <name>Mikronesian liittovaltio</name>
  <name>Milana</name>
  <name>Milhous</name>
  <name>Milhouse</name>
  <name>Milk</name>
  <name>Milliard</name>
  <name>Mills</name>
  <name>Millstein</name>
  <name>Milly</name>
  <name>Milner</name>
  <name>Milos</name>
  <name>Min</name>
  <name>Mindy</name>
  <name>Minh</name>
  <name>Minnie</name>
  <name>Minton</name>
  <name>Miriamia</name>
  <name>Miriamin</name>
  <name>Misa</name>
  <name>Misan</name>
  <name>Miškin</name>
  <name>Misora</name>
  <name>Misori</name>
  <name>Missy</name>
  <name>Misty</name>
  <name>Mitz</name>
  <name>Mitzi</name>
  <name>Modesty</name>
  <name>Moe</name>
  <name>Mogi</name>
  <name>Mohamed</name>
  <name>Mojavessa</name>
  <name>Moldova</name>
  <name>Molnar</name>
  <name>Monaco</name>
  <name>Monan</name>
  <name>Mondini</name>
  <name>Mongolia</name>
  <name>Montaukille</name>
  <name>Montaukin</name>
  <name>Montaukista</name>
  <name>Monte</name>
  <name>Montenegro</name>
  <name>Montevideossa</name>
  <name>Montez</name>
  <name>Montgomerya</name>
  <name>Montgomeryn</name>
  <name>Montparnassella</name>
  <name>Montserrat</name>
  <name>Monty</name>
  <name>Monument</name>
  <name>Moon</name>
  <name>Mooney</name>
  <name>Moose</name>
  <name>Mooselle</name>
  <name>Morada</name>
  <name>Morandin</name>
  <name>Moriarty</name>
  <name>Moriartya</name>
  <name>Moriartylle</name>
  <name>Moriartyn</name>
  <name>Morin</name>
  <name>Morrisin</name>
  <name>Mort</name>
  <name>Morty</name>
  <name>Mosambik</name>
  <name>Mosha</name>
  <name>Moss</name>
  <name>Mossberg</name>
  <name>Motors</name>
  <name>Motorsilta</name>
  <name>Motorworks</name>
  <name>Mouna</name>
  <name>Mount</name>
  <name>Mowbray</name>
  <name>Muhammad</name>
  <name>Mujabin</name>
  <name>Mujabista</name>
  <name>Munchin</name>
  <name>Munroe</name>
  <name>Murph</name>
  <name>Murrowin</name>
  <name>Musha</name>
  <name>Mustafa</name>
  <name>Mustard</name>
  <name>Myanmar</name>
  <name>Mycroft</name>
  <name>Mycroftista</name>
  <name>Mykonoksella</name>
  <name>Myles</name>
  <name>Münchhausen</name>
  <name>Myra</name>
  <name>Myron</name>
  <name>Myrtle</name>
  <name>Märklinin</name>
  <name>Märta</name>
  <name>Märtalle</name>
  <name>Märtha</name>
  <name>Nadiamme</name>
  <name>Nadian</name>
  <name>Nadja</name>
  <name>Nadjan</name>
  <name>Nagata</name>
  <name>Nagataa</name>
  <name>Nagatalla</name>
  <name>Nagatalle</name>
  <name>Nairobiin</name>
  <name>Nairobin</name>
  <name>Namibia</name>
  <name>Nancya</name>
  <name>Nancyamme</name>
  <name>Nancyksi</name>
  <name>Nancyn</name>
  <name>Nancyä</name>
  <name>Narniaa</name>
  <name>Narniasta</name>
  <name>NASCAR</name>
  <name>Nashvilleen</name>
  <name>Nashvillen</name>
  <name>Nashvillessa</name>
  <name>Nashvillestä</name>
  <name>Nasim</name>
  <name>Nasimin</name>
  <name>Nasimista</name>
  <name>Nat</name>
  <name>Nathalie</name>
  <name>Nauru</name>
  <name>Navarone</name>
  <name>NBC</name>
  <name>Ned</name>
  <name>Neesa</name>
  <name>Nelliekin</name>
  <name>Nellieä</name>
  <name>Nepal</name>
  <name>Nessen</name>
  <name>Nessin</name>
  <name>Nettie</name>
  <name>Neumann</name>
  <name>New</name>
  <name>Newmania</name>
  <name>Newmanille</name>
  <name>News</name>
  <name>Newsin</name>
  <name>Newsweek</name>
  <name>Ngong</name>
  <name>Nicaragua</name>
  <name>Nicholsin</name>
  <name>Nicholsonin</name>
  <name>Nickie</name>
  <name>Nickille</name>
  <name>Nickin</name>
  <name>Nicolai</name>
  <name>Nicolina</name>
  <name>Nicolo</name>
  <name>Niger</name>
  <name>Nigeria</name>
  <name>Nihlfors</name>
  <name>Nikkei</name>
  <name>Nikkor</name>
  <name>Ninersit</name>
  <name>Ninotchka</name>
  <name>Nipsey</name>
  <name>Nita</name>
  <name>Niue</name>
  <name>NKVD</name>
  <name>Noël</name>
  <name>Noelin</name>
  <name>Nogrady</name>
  <name>Nolan</name>
  <name>Nordmark</name>
  <name>Norfolkinsaari</name>
  <name>Norja</name>
  <name>Norsunluurannikko</name>
  <name>Nortonin</name>
  <name>Notzing</name>
  <name>Nugent</name>
  <name>Nye</name>
  <name>Nürnberg</name>
  <name>Nürnbergin</name>
  <name>Oahu</name>
  <name>Oahua</name>
  <name>Oahun</name>
  <name>Oaklandin</name>
  <name>Oaklandissa</name>
  <name>O'Brianin</name>
  <name>O'Brien</name>
  <name>O'Connor</name>
  <name>O'Dante</name>
  <name>Odelia</name>
  <name>Odell</name>
  <name>Odellia</name>
  <name>Odettelle</name>
  <name>Ofelia</name>
  <name>Ohoh</name>
  <name>Oidipus</name>
  <name>Ok</name>
  <name>O'Keefe</name>
  <name>Okinawassa</name>
  <name>Oktoberfest</name>
  <name>OLATHE</name>
  <name>Olatheen</name>
  <name>Olathessa</name>
  <name>Oleg</name>
  <name>O'Linsin</name>
  <name>Olive</name>
  <name>Oljelund</name>
  <name>Oljelundille</name>
  <name>Olofssonin</name>
  <name>Olssonin</name>
  <name>Omahassa</name>
  <name>Oman</name>
  <name>Omarin</name>
  <name>OMG</name>
  <name>Onassis</name>
  <name>O'Neil</name>
  <name>Onslow</name>
  <name>Onslow'lle</name>
  <name>OPEC</name>
  <name>Opie</name>
  <name>Oppenheimerin</name>
  <name>Oprahissa</name>
  <name>Opry</name>
  <name>Oprya</name>
  <name>Opryn</name>
  <name>Opryssa</name>
  <name>Oprysta</name>
  <name>Opryyn</name>
  <name>Orange</name>
  <name>Orchestra</name>
  <name>org</name>
  <name>Oscareita</name>
  <name>Oseania</name>
  <name>Osiris</name>
  <name>Osmond</name>
  <name>Othello</name>
  <name>O'Toolen</name>
  <name>Ottawan</name>
  <name>Ove</name>
  <name>Oz</name>
  <name>Ozin</name>
  <name>Ozissa</name>
  <name>Ozzy</name>
  <name>Pablito</name>
  <name>Pacellio</name>
  <name>Pacello</name>
  <name>Pacillio</name>
  <name>Pacinon</name>
  <name>Paddy</name>
  <name>Paint</name>
  <name>Pakistan</name>
  <name>Palace</name>
  <name>Paladium</name>
  <name>Paladiumin</name>
  <name>Palau</name>
  <name>Palestiina</name>
  <name>Palestiinalaisalueet</name>
  <name>Pamplonan</name>
  <name>Panama</name>
  <name>Pancho</name>
  <name>Paola</name>
  <name>Paolo</name>
  <name>Papillon</name>
  <name>Pappass</name>
  <name>Pappassin</name>
  <name>Papua-Uusi-Guinea</name>
  <name>Parada</name>
  <name>Paraguay</name>
  <name>Parca</name>
  <name>Paroni von Münchhausen</name>
  <name>Pasossa</name>
  <name>Passat</name>
  <name>Patchesin</name>
  <name>Patrice</name>
  <name>Patricella</name>
  <name>Patricen</name>
  <name>Patsy</name>
  <name>Patton</name>
  <name>Pauline</name>
  <name>Paulus</name>
  <name>Paval</name>
  <name>Pavlov</name>
  <name>Pavlovin</name>
  <name>Pearl</name>
  <name>Pearliin</name>
  <name>Pearlista</name>
  <name>Peck</name>
  <name>Peckard</name>
  <name>Peebie</name>
  <name>Peeters</name>
  <name>Peg</name>
  <name>Pegasokselle</name>
  <name>Pegasos</name>
  <name>Pehnistä</name>
  <name>Pelham</name>
  <name>Pelvis</name>
  <name>Pembroke</name>
  <name>Pemmler</name>
  <name>Penbarin</name>
  <name>Penber</name>
  <name>Penberiin</name>
  <name>Penberin</name>
  <name>penceä</name>
  <name>Pengin</name>
  <name>Penny</name>
  <name>pennyn</name>
  <name>Pentagoniin</name>
  <name>Pentagonissa</name>
  <name>Pepe</name>
  <name>Perkinsin</name>
  <name>Perkinsissä</name>
  <name>Perla</name>
  <name>Perseukselle</name>
  <name>Perseuksen</name>
  <name>Perseus</name>
  <name>Perseusta</name>
  <name>Perth</name>
  <name>Peru</name>
  <name>Perugiaa</name>
  <name>Perugian</name>
  <name>PETA</name>
  <name>Pétain'in</name>
  <name>Petey</name>
  <name>Peytonin</name>
  <name>Phantom</name>
  <name>Phelpsin</name>
  <name>Phillipe</name>
  <name>Phillippe</name>
  <name>Phillipsiä</name>
  <name>Phillyyn</name>
  <name>Phnom</name>
  <name>Phylliksen</name>
  <name>Picassoja</name>
  <name>Piccadilly</name>
  <name>Piccadillyltä</name>
  <name>Pierrot</name>
  <name>Pigallea</name>
  <name>Pike</name>
  <name>Pilot</name>
  <name>Pimpleton</name>
  <name>Pingin</name>
  <name>Pinky</name>
  <name>Pinkyn</name>
  <name>Pinkyyn</name>
  <name>Pinto</name>
  <name>Pitcairn</name>
  <name>Pitt</name>
  <name>Pittiltä</name>
  <name>Pittsburghiin</name>
  <name>Pittsburghissa</name>
  <name>Pittsburghissako</name>
  <name>Pittsburghista</name>
  <name>Pjotr</name>
  <name>Pjotr Iljitš Tšaikovski</name>
  <name>Pjotr Tšaikovski</name>
  <name>Planet</name>
  <name>Plazassa</name>
  <name>Plymouthissa</name>
  <name>pohjoinen Amerikka</name>
  <name>Pohjois</name>
  <name>Pohjois-Afrikka</name>
  <name>Pohjois-Amerikka</name>
  <name>Pohjois-Eurooppa</name>
  <name>Pohjois-Korea</name>
  <name>Pohjois-Makedonia</name>
  <name>Pohjois-Mariaanit</name>
  <name>Point</name>
  <name>Pointiin</name>
  <name>Pollya</name>
  <name>Pollysta</name>
  <name>Polynesia</name>
  <name>Pontius</name>
  <name>Portugali</name>
  <name>Poseidonin</name>
  <name>Potts</name>
  <name>Pradat</name>
  <name>Pragerin</name>
  <name>Praya</name>
  <name>Presleyn</name>
  <name>Presleystä</name>
  <name>Primetext</name>
  <name>Prince</name>
  <name>Pringle</name>
  <name>Priscillaa</name>
  <name>Priscillalla</name>
  <name>Priscillan</name>
  <name>Procane</name>
  <name>Proculus</name>
  <name>Prometheusille</name>
  <name>Providencen</name>
  <name>Prudence</name>
  <name>Prütz</name>
  <name>Puccini</name>
  <name>Puck</name>
  <name>Puckoon</name>
  <name>Puckooniin</name>
  <name>Puckoonille</name>
  <name>Puckoonin</name>
  <name>Puckoonissa</name>
  <name>Puerto</name>
  <name>Puerto Rico</name>
  <name>Puff</name>
  <name>Pulitzer</name>
  <name>Pulitzerin</name>
  <name>Puola</name>
  <name>Purple</name>
  <name>puuhapetterit</name>
  <name>Päiväntasaajan Guinea</name>
  <name>Qatar</name>
  <name>Qi</name>
  <name>Qin</name>
  <name>Qinin</name>
  <name>Qinissä</name>
  <name>Qinistä</name>
  <name>QNTV</name>
  <name>Quaid</name>
  <name>Quaidia</name>
  <name>Quaidiksi</name>
  <name>Quaidin</name>
  <name>Quaidista</name>
  <name>Quartet</name>
  <name>Quatermain</name>
  <name>Queen</name>
  <name>Queensia</name>
  <name>Queensissä</name>
  <name>Queensistä</name>
  <name>Quentinissa</name>
  <name>Quijote</name>
  <name>Quimby</name>
  <name>Quintilius</name>
  <name>Raccalo</name>
  <name>Rach</name>
  <name>Rachelia</name>
  <name>Rachelille</name>
  <name>Rachelin</name>
  <name>Rachelista</name>
  <name>Rachin</name>
  <name>Rachista</name>
  <name>Radched</name>
  <name>Radioheadia</name>
  <name>Radionov</name>
  <name>Radleyn</name>
  <name>Raeder</name>
  <name>Rafas</name>
  <name>Rafferty</name>
  <name>Raikes</name>
  <name>Rainbird</name>
  <name>Ralphie</name>
  <name>Ramassa</name>
  <name>Ramone</name>
  <name>Ramos</name>
  <name>Ramsille</name>
  <name>Ramsin</name>
  <name>Rangerin</name>
  <name>Ranska</name>
  <name>Ranskan eteläiset alueet</name>
  <name>Ranskan Guayana</name>
  <name>Ranskan Polynesia</name>
  <name>Raoul</name>
  <name>Raoulia</name>
  <name>Raoulista</name>
  <name>Rauch</name>
  <name>Ravic</name>
  <name>Raye</name>
  <name>RCA</name>
  <name>Reaganin</name>
  <name>Recordsilta</name>
  <name>Red</name>
  <name>Redcliff</name>
  <name>Redcliffille</name>
  <name>Redcliffiä</name>
  <name>Redrock</name>
  <name>Reds</name>
  <name>Redwood</name>
  <name>Reg</name>
  <name>Regent</name>
  <name>Reichsführer</name>
  <name>Reillylle</name>
  <name>Reillyn</name>
  <name>Reinholt</name>
  <name>Reinholtin</name>
  <name>Renaldo</name>
  <name>Renate</name>
  <name>Renbock</name>
  <name>Rene</name>
  <name>René</name>
  <name>Renén</name>
  <name>Renési</name>
  <name>Rengoku</name>
  <name>Renya</name>
  <name>Réunion</name>
  <name>revoir</name>
  <name>Rheinlander</name>
  <name>Rhys</name>
  <name>Rhysin</name>
  <name>Ribbentroppin</name>
  <name>Riccardo</name>
  <name>Rich</name>
  <name>Richmondiin</name>
  <name>Richterin</name>
  <name>Richy</name>
  <name>Rickyn</name>
  <name>RICOa</name>
  <name>Rigby</name>
  <name>Right</name>
  <name>Rigoletto</name>
  <name>Rijina</name>
  <name>Rilke</name>
  <name>Rimgale</name>
  <name>Rion</name>
  <name>Rioon</name>
  <name>Ripley's</name>
  <name>Ritchey</name>
  <name>Ritchie</name>
  <name>Ritz</name>
  <name>Ritziin</name>
  <name>Riva</name>
  <name>River</name>
  <name>Riviera</name>
  <name>Road</name>
  <name>Roadilla</name>
  <name>Roadille</name>
  <name>Roadin</name>
  <name>Roadsterilla</name>
  <name>Roanokessa</name>
  <name>Rob</name>
  <name>Robbinsilla</name>
  <name>Robby</name>
  <name>Robille</name>
  <name>Robinsonille</name>
  <name>Robinsonin</name>
  <name>Robissa</name>
  <name>Robyn</name>
  <name>Rochellen</name>
  <name>Rochellessa</name>
  <name>Rockawayssa</name>
  <name>Rockefeller</name>
  <name>Rockingham</name>
  <name>rock'n'rollia</name>
  <name>Rocky</name>
  <name>Rockya</name>
  <name>Rockyn</name>
  <name>Rockyyn</name>
  <name>Rod</name>
  <name>Rodd</name>
  <name>Rodolfo</name>
  <name>Rodrigolle</name>
  <name>Roebuck</name>
  <name>Roffe</name>
  <name>Roffea</name>
  <name>Roffella</name>
  <name>Roffen</name>
  <name>Roffesta</name>
  <name>Rog</name>
  <name>Roge</name>
  <name>Rohypnolia</name>
  <name>Rolandson</name>
  <name>Rollin</name>
  <name>Rolls</name>
  <name>Romania</name>
  <name>Romeoksi</name>
  <name>Romeon</name>
  <name>Romero</name>
  <name>Rommel</name>
  <name>Rommelin</name>
  <name>Rona</name>
  <name>Roquita</name>
  <name>Rosario</name>
  <name>Rosewoodiin</name>
  <name>Rosewoodin</name>
  <name>Rosewoodissa</name>
  <name>Rosner</name>
  <name>Rossa</name>
  <name>Rosy</name>
  <name>Rothkoa</name>
  <name>Rougesta</name>
  <name>Row</name>
  <name>Roxie</name>
  <name>Royal</name>
  <name>Royce</name>
  <name>Roycen</name>
  <name>Royta</name>
  <name>Ruanda</name>
  <name>Ruben</name>
  <name>Rubens</name>
  <name>Rubini</name>
  <name>Rudden</name>
  <name>Ruddenilta</name>
  <name>Ruddenin</name>
  <name>Ruddy</name>
  <name>Rudi</name>
  <name>Rudyn</name>
  <name>Rueben</name>
  <name>Ruggero</name>
  <name>Runstock</name>
  <name>Ruotsi</name>
  <name>Rupp</name>
  <name>Ruppin</name>
  <name>Ruppit</name>
  <name>Rusty</name>
  <name>Ryuga</name>
  <name>Ryuk</name>
  <name>Ryukia</name>
  <name>Ryukilta</name>
  <name>Ryukin</name>
  <name>Ryuzaki</name>
  <name>Ryuzakin</name>
  <name>Rönnberg</name>
  <name>Sabbath</name>
  <name>Saber</name>
  <name>Sacker</name>
  <name>Sadie</name>
  <name>Saharan eteläpuolinen Afrikka</name>
  <name>Said</name>
  <name>Saint Helena</name>
  <name>Saint Kitts ja Nevis</name>
  <name>Saint Lucia</name>
  <name>Saint Vincent ja Grenadiinit</name>
  <name>Saint-Barthélemy</name>
  <name>Saint-Martin</name>
  <name>Saint-Pierre ja Miquelon</name>
  <name>Saksa</name>
  <name>saku</name>
  <name>Salaam</name>
  <name>Salemiin</name>
  <name>Salernossa</name>
  <name>Salieri</name>
  <name>Sallylla</name>
  <name>Sallylle</name>
  <name>Sallyn</name>
  <name>Salmon</name>
  <name>Salomonsaaret</name>
  <name>Salty</name>
  <name>Saltylle</name>
  <name>Sambia</name>
  <name>Sammya</name>
  <name>Sammyn</name>
  <name>Sammysta</name>
  <name>Samoa</name>
  <name>Sampsonia</name>
  <name>Sampsoniin</name>
  <name>Sampsonille</name>
  <name>San Marino</name>
  <name>Sandahl</name>
  <name>Sandie</name>
  <name>Sandler</name>
  <name>Sandlerin</name>
  <name>Sandyn</name>
  <name>Sang</name>
  <name>Santanan</name>
  <name>Santo</name>
  <name>Santoli</name>
  <name>Sanwassa</name>
  <name>São Tomé ja Príncipe</name>
  <name>Sarahia</name>
  <name>Sarahille</name>
  <name>Sarahin</name>
  <name>Saray</name>
  <name>Sarto</name>
  <name>Saša</name>
  <name>Sascha</name>
  <name>Sass</name>
  <name>Saudi-Arabia</name>
  <name>Saundra</name>
  <name>Sawyerissa</name>
  <name>Schmidt</name>
  <name>Schopenhaueria</name>
  <name>Schrenk</name>
  <name>Schwarzeneggerin</name>
  <name>Schwarzkopfia</name>
  <name>Scorpio</name>
  <name>Scuttlebutt</name>
  <name>Seacliff</name>
  <name>Seagal</name>
  <name>Seagrave</name>
  <name>Seanin</name>
  <name>Seanista</name>
  <name>Sebedeuksen</name>
  <name>Secret</name>
  <name>Segma</name>
  <name>Sein</name>
  <name>Selim</name>
  <name>semtex</name>
  <name>Senegal</name>
  <name>Sera</name>
  <name>Seralle</name>
  <name>Serbia</name>
  <name>Sergeant</name>
  <name>Sergio</name>
  <name>Serov</name>
  <name>Seychellit</name>
  <name>Seymor</name>
  <name>Shad</name>
  <name>Shamus</name>
  <name>Shan</name>
  <name>Shandu</name>
  <name>Shanin</name>
  <name>Shannen</name>
  <name>Shannonin</name>
  <name>Sharez</name>
  <name>Sharezin</name>
  <name>Shaunie</name>
  <name>Shaunin</name>
  <name>Shecky</name>
  <name>Sheena</name>
  <name>Shelby</name>
  <name>Sheldrake</name>
  <name>Sheree</name>
  <name>Shermanin</name>
  <name>Sherrie</name>
  <name>Shigure</name>
  <name>Shiguren</name>
  <name>Shinago</name>
  <name>Shinjukun</name>
  <name>Shinjukuun</name>
  <name>Shinobu</name>
  <name>Shirl</name>
  <name>Shoebridge</name>
  <name>Shoebridgen</name>
  <name>Shoestringiksi</name>
  <name>Shoko</name>
  <name>Shortyn</name>
  <name>Sibyl</name>
  <name>Sibylla</name>
  <name>Sid</name>
  <name>Siegfried</name>
  <name>Siegfriediä</name>
  <name>Sienna</name>
  <name>Sierra Leone</name>
  <name>Sifu</name>
  <name>SIG</name>
  <name>Sigerson</name>
  <name>Sigersonille</name>
  <name>Sigersonin</name>
  <name>Sighvatssohn</name>
  <name>Sigiksi</name>
  <name>Signum</name>
  <name>Siitojoki</name>
  <name>Silver</name>
  <name>Simcan</name>
  <name>Simmonsia</name>
  <name>Simmonsilla</name>
  <name>Simmonsin</name>
  <name>Simnell</name>
  <name>Simnellin</name>
  <name>Simonesta</name>
  <name>Simonetta</name>
  <name>Simonille</name>
  <name>Simonin</name>
  <name>Simonovitch</name>
  <name>Simonsista</name>
  <name>Simpsonin</name>
  <name>Sinai</name>
  <name>Singapore</name>
  <name>Sint Maarten</name>
  <name>Siouxsie</name>
  <name>Sisiliassa</name>
  <name>Siw</name>
  <name>Sjusjøen</name>
  <name>Sjögren</name>
  <name>Ski</name>
  <name>Skin</name>
  <name>Skydomen</name>
  <name>Slade</name>
  <name>Slater</name>
  <name>Slick</name>
  <name>Slim</name>
  <name>Slobodan</name>
  <name>Slovakia</name>
  <name>Slovenia</name>
  <name>Smallwood</name>
  <name>Smell</name>
  <name>Smiley</name>
  <name>Smokey</name>
  <name>Smoothieta</name>
  <name>Smy</name>
  <name>Snookilta</name>
  <name>Snowden</name>
  <name>Snyder</name>
  <name>Sohossa</name>
  <name>Soichiro</name>
  <name>Solo</name>
  <name>Sololle</name>
  <name>Solyom</name>
  <name>Solženitsyn</name>
  <name>Somalia</name>
  <name>Sondra</name>
  <name>Sonnenschein</name>
  <name>Sonnenscheinia</name>
  <name>Sonnenscheiniksi</name>
  <name>Sonnenscheinit</name>
  <name>Sonora</name>
  <name>Soprunenko</name>
  <name>Sorbonne</name>
  <name>Soroya</name>
  <name>Sors</name>
  <name>Sourdough</name>
  <name>Southamptonista</name>
  <name>Sowerberry</name>
  <name>Sparky</name>
  <name>Spenceriin</name>
  <name>Spencerin</name>
  <name>Spenceristä</name>
  <name>Sperle</name>
  <name>Sphere</name>
  <name>Spike</name>
  <name>Spirit</name>
  <name>Spitfire</name>
  <name>Sports</name>
  <name>Squarella</name>
  <name>Squarellako</name>
  <name>Squiggy</name>
  <name>Squires</name>
  <name>Sri Lanka</name>
  <name>SS</name>
  <name>St</name>
  <name>Stace</name>
  <name>Stacee</name>
  <name>Stacyt</name>
  <name>Staffans</name>
  <name>Stafler</name>
  <name>Stalfoosin</name>
  <name>Stamps</name>
  <name>Standartenführer</name>
  <name>Stanin</name>
  <name>Stantonin</name>
  <name>Star</name>
  <name>Staria</name>
  <name>Stark</name>
  <name>Stasi</name>
  <name>State</name>
  <name>Statea</name>
  <name>Steel</name>
  <name>Steff</name>
  <name>Steineriä</name>
  <name>Sten</name>
  <name>Stickan</name>
  <name>Stiﬂer</name>
  <name>Stiflerillä</name>
  <name>Stiflerin</name>
  <name>Stifleriä</name>
  <name>Stifmeister</name>
  <name>Stifmeisteriin</name>
  <name>Stifmeisteriksi</name>
  <name>Stifmeisterin</name>
  <name>Sting</name>
  <name>Stingiä</name>
  <name>Stocklein</name>
  <name>Stockton</name>
  <name>Stocktonista</name>
  <name>Stoecklein</name>
  <name>Stoeckleinia</name>
  <name>Stoecklin</name>
  <name>Stone</name>
  <name>Stonena</name>
  <name>Stones</name>
  <name>Stout</name>
  <name>Stowmeyer</name>
  <name>Street</name>
  <name>Streetcheese</name>
  <name>Streetcheesellä</name>
  <name>Streetille</name>
  <name>Streetillä</name>
  <name>Strodell</name>
  <name>Sture</name>
  <name>Su</name>
  <name>Sudan</name>
  <name>Suffolkin</name>
  <name>Suffolkissakin</name>
  <name>Sugar</name>
  <name>Suhami</name>
  <name>Suleiman</name>
  <name>Suleyman</name>
  <name>Summer</name>
  <name>Sumpan</name>
  <name>Sumpanissa</name>
  <name>Sundsvall</name>
  <name>Sunny</name>
  <name>Sunset</name>
  <name>Sunzi</name>
  <name>Suomi</name>
  <name>Super</name>
  <name>Surf</name>
  <name>Surfin</name>
  <name>Suriname</name>
  <name>Susie</name>
  <name>Susinsky</name>
  <name>Suzanna</name>
  <name>Suzu</name>
  <name>Suzuki</name>
  <name>Suzun</name>
  <name>Svante</name>
  <name>Swazimaa</name>
  <name>Svea</name>
  <name>Sweetheart</name>
  <name>Svein</name>
  <name>Sveitsi</name>
  <name>Swinton</name>
  <name>Swintonille</name>
  <name>Swintonin</name>
  <name>Sybililtä</name>
  <name>Sykesin</name>
  <name>Sylvie</name>
  <name>Syyria</name>
  <name>Tacoman</name>
  <name>Tad</name>
  <name>Tadžikistan</name>
  <name>Tagasaki</name>
  <name>Tahoessa</name>
  <name>Taiwan</name>
  <name>Taku</name>
  <name>Takuma</name>
  <name>Takumasta</name>
  <name>Talibaneja</name>
  <name>TALIBANIEN</name>
  <name>Tambovin</name>
  <name>Tangiers</name>
  <name>Tansania</name>
  <name>Tanska</name>
  <name>Tardieu</name>
  <name>Tardieun</name>
  <name>Tartarokseen</name>
  <name>Tartaroksen</name>
  <name>Tartaroksesta</name>
  <name>Tartaros</name>
  <name>Tartarosta</name>
  <name>Tasunotsuke</name>
  <name>Tatsunotsuke</name>
  <name>TBF</name>
  <name>Technologieschau</name>
  <name>Telecomin</name>
  <name>Telegraph</name>
  <name>Teller</name>
  <name>Tellierille</name>
  <name>Temple</name>
  <name>Tenth</name>
  <name>Terenia</name>
  <name>Terenialle</name>
  <name>Tersikovsky</name>
  <name>Tewksbury</name>
  <name>Texacoa</name>
  <name>Text</name>
  <name>Thackery</name>
  <name>Thad</name>
  <name>Thaddeus</name>
  <name>Thaimaa</name>
  <name>Thaw</name>
  <name>Thaw'n</name>
  <name>Thea</name>
  <name>Theodora</name>
  <name>Theresan</name>
  <name>Therese</name>
  <name>Thunderbird</name>
  <name>Thuon</name>
  <name>Tia</name>
  <name>Tibbs</name>
  <name>Tiberiuksen</name>
  <name>Tiberius</name>
  <name>Tiegsistäkö</name>
  <name>Tiger</name>
  <name>Tijuanassa</name>
  <name>Tiku</name>
  <name>Tillsbury</name>
  <name>Tilly</name>
  <name>Timelle</name>
  <name>Times</name>
  <name>Timesissa</name>
  <name>Timille</name>
  <name>Timin</name>
  <name>Timistä</name>
  <name>Timiä</name>
  <name>Timmie</name>
  <name>Timor-Leste</name>
  <name>Tinsdale</name>
  <name>Tinsdalen</name>
  <name>Tinsly</name>
  <name>Tippet</name>
  <name>Tishri</name>
  <name>Titch</name>
  <name>Tiziano</name>
  <name>Tobe</name>
  <name>Tobya</name>
  <name>Tobysta</name>
  <name>Togo</name>
  <name>Tokelau</name>
  <name>Tolstoi</name>
  <name>Tomas</name>
  <name>Tomasilla</name>
  <name>Tomasin</name>
  <name>Tomelty</name>
  <name>Tonga</name>
  <name>Tooney</name>
  <name>Topekan</name>
  <name>Topekasta</name>
  <name>Tord</name>
  <name>Torgeir</name>
  <name>Toro</name>
  <name>Torunissa</name>
  <name>Torvasti</name>
  <name>Toscanassa</name>
  <name>Touloniin</name>
  <name>Toulonissa</name>
  <name>Towerin</name>
  <name>Towersissa</name>
  <name>Trabant</name>
  <name>Trace</name>
  <name>Trade</name>
  <name>Treadwell</name>
  <name>Treadwellille</name>
  <name>Treasuryn</name>
  <name>Treva</name>
  <name>Tricky</name>
  <name>Trinidad ja Tobago</name>
  <name>trinitron</name>
  <name>Trishin</name>
  <name>Tristan da Cunha</name>
  <name>Trix</name>
  <name>Trixie</name>
  <name>Trixien</name>
  <name>Tropeziin</name>
  <name>Tropezin</name>
  <name>Tropezista</name>
  <name>Troylle</name>
  <name>Trudes</name>
  <name>Trump</name>
  <name>Tšad</name>
  <name>Tšaikovski</name>
  <name>Tšekin tasavalta</name>
  <name>Tšekki</name>
  <name>Tšernobyl</name>
  <name>Tst</name>
  <name>Tsubute</name>
  <name>Tubby</name>
  <name>Tucumcariin</name>
  <name>Tulsaan</name>
  <name>Tunisia</name>
  <name>Tupelo</name>
  <name>Tupelossa</name>
  <name>Turkki</name>
  <name>Turkmenistan</name>
  <name>Turks- ja Caicossaaret</name>
  <name>Tuttin</name>
  <name>Tuvalu</name>
  <name>Twain</name>
  <name>Tweedy</name>
  <name>Tye</name>
  <name>Tylerin</name>
  <name>Tylypahkaan</name>
  <name>Tysonin</name>
  <name>Tyyroksen</name>
  <name>Tzu</name>
  <name>UBS</name>
  <name>UFC</name>
  <name>Uganda</name>
  <name>Ugo</name>
  <name>Ukita</name>
  <name>Ukitan</name>
  <name>Ukraina</name>
  <name>ulkomeri</name>
  <name>Ulrich</name>
  <name>Ulster</name>
  <name>Umbrian</name>
  <name>Umbriasta</name>
  <name>United</name>
  <name>Unkari</name>
  <name>Urashima</name>
  <name>Uruguay</name>
  <name>USA</name>
  <name>Uusi-Kaledonia</name>
  <name>Uusi-Seelanti</name>
  <name>Uzbekistan</name>
  <name>Václav</name>
  <name>Waikikin</name>
  <name>Val</name>
  <name>Valentinon</name>
  <name>Valerien</name>
  <name>Valerieta</name>
  <name>Valhallassa</name>
  <name>Walkeria</name>
  <name>Walkerille</name>
  <name>Valko-Venäjä</name>
  <name>Valkyyrit</name>
  <name>Wall</name>
  <name>Valley</name>
  <name>Valleyn</name>
  <name>Valleyyn</name>
  <name>Wallis ja Futuna</name>
  <name>Wally'silla</name>
  <name>Walther</name>
  <name>Valtmanin</name>
  <name>Walton</name>
  <name>Vance</name>
  <name>Vandergrift</name>
  <name>Vanuatu</name>
  <name>Warrick</name>
  <name>Warshaw</name>
  <name>Vasastanissa</name>
  <name>Vassiljev</name>
  <name>Watari</name>
  <name>Watariksi</name>
  <name>Vatikaani</name>
  <name>Waverly</name>
  <name>Waylle</name>
  <name>Wayneksi</name>
  <name>Waynesta</name>
  <name>Weber</name>
  <name>Webley</name>
  <name>Weeklystä</name>
  <name>Vega</name>
  <name>Vegasia</name>
  <name>Vegasiin</name>
  <name>Vegasilla</name>
  <name>Vegasin</name>
  <name>Vegasissa</name>
  <name>Vegasista</name>
  <name>weiqi</name>
  <name>Weiqi</name>
  <name>Weiss</name>
  <name>Wendall</name>
  <name>Wendle</name>
  <name>Wendyt</name>
  <name>Venezuela</name>
  <name>Venice</name>
  <name>Venicestä</name>
  <name>Ventura</name>
  <name>Wentworth</name>
  <name>Venäjä</name>
  <name>Verdi</name>
  <name>VERDI</name>
  <name>Verdin</name>
  <name>Vern</name>
  <name>Wern</name>
  <name>Vernonin</name>
  <name>Veronikaa</name>
  <name>Wersén</name>
  <name>Wersénille</name>
  <name>Wersénin</name>
  <name>Wersénistä</name>
  <name>West</name>
  <name>Westbrook</name>
  <name>Weston</name>
  <name>Vetlanda</name>
  <name>WHBQ</name>
  <name>Whisky</name>
  <name>Whit</name>
  <name>White</name>
  <name>Whitehall</name>
  <name>Whitehallin</name>
  <name>Whiten</name>
  <name>Whitesta</name>
  <name>Whittierissä</name>
  <name>Viagrat</name>
  <name>Wiberg</name>
  <name>Vicente</name>
  <name>Vick</name>
  <name>Vickie</name>
  <name>Vickyn</name>
  <name>Victorian</name>
  <name>Victoriat</name>
  <name>Vida</name>
  <name>Vidal</name>
  <name>Vietnam</name>
  <name>Vigier</name>
  <name>Vigiersin</name>
  <name>Vignon</name>
  <name>Wikileaks</name>
  <name>Viktorian</name>
  <name>Wilbur</name>
  <name>Wilburin</name>
  <name>Wild</name>
  <name>Wilde</name>
  <name>Wilden</name>
  <name>Wilf</name>
  <name>Wilfred</name>
  <name>Wilkinson</name>
  <name>Villagessa</name>
  <name>Villagesta</name>
  <name>Williamsia</name>
  <name>Williamsille</name>
  <name>Williamsilta</name>
  <name>Williamsin</name>
  <name>Williamsista</name>
  <name>Willow</name>
  <name>Willow'lle</name>
  <name>Willow'n</name>
  <name>Willows</name>
  <name>Vincento</name>
  <name>Winchesteristä</name>
  <name>Vinci</name>
  <name>Winifred</name>
  <name>Winn</name>
  <name>Winnie</name>
  <name>Winnien</name>
  <name>Vinnitsa</name>
  <name>Winny</name>
  <name>Winslowta</name>
  <name>Winstonin</name>
  <name>VIP</name>
  <name>Wippler</name>
  <name>Virgilin</name>
  <name>Viro</name>
  <name>Vitali</name>
  <name>Vito</name>
  <name>Vittorio</name>
  <name>Voice</name>
  <name>Wolf</name>
  <name>Volodymyr</name>
  <name>Volpina</name>
  <name>Wonder</name>
  <name>Wong</name>
  <name>Wood</name>
  <name>Woodenia</name>
  <name>Woodford</name>
  <name>Woodin</name>
  <name>Woodrow</name>
  <name>Woods</name>
  <name>Woodsia</name>
  <name>Woodsy</name>
  <name>Woodsylle</name>
  <name>Woodyn</name>
  <name>Vordingsborgiin</name>
  <name>Voroshilovin</name>
  <name>Vortex</name>
  <name>Vortexilla</name>
  <name>Vortexin</name>
  <name>Vortexissa</name>
  <name>Worthing</name>
  <name>Wren</name>
  <name>Wrenin</name>
  <name>Vronski</name>
  <name>WSJ</name>
  <name>WTC</name>
  <name>Wujiang</name>
  <name>Wyomingissa</name>
  <name>Wächterin</name>
  <name>Väli-Amerikka</name>
  <name>Xiahou</name>
  <name>Xian</name>
  <name>Xiang</name>
  <name>Xiangille</name>
  <name>Xiangin</name>
  <name>Xiangista</name>
  <name>Xiangyang</name>
  <name>Xianyang</name>
  <name>Xianyangia</name>
  <name>Xianyangiin</name>
  <name>Xianyangin</name>
  <name>Xianyangissa</name>
  <name>Xianyangista</name>
  <name>Xin</name>
  <name>Xuan</name>
  <name>Y2K</name>
  <name>Yafu</name>
  <name>Yafua</name>
  <name>Yagami</name>
  <name>Yagamilta</name>
  <name>Yagamin</name>
  <name>Yakushova</name>
  <name>Yamanote</name>
  <name>Yamikubo</name>
  <name>Yankee</name>
  <name>Yard</name>
  <name>Yardia</name>
  <name>Yardiin</name>
  <name>Yardin</name>
  <name>Yasubei</name>
  <name>Yayoi</name>
  <name>Yeager</name>
  <name>Yeats</name>
  <name>Yhdistyneet kansakunnat</name>
  <name>Yhdysvallat</name>
  <name>Yhdysvaltain erillissaaret</name>
  <name>Yhdysvaltain Neitsytsaaret</name>
  <name>Yin</name>
  <name>Ying</name>
  <name>YK</name>
  <name>Yonkersin</name>
  <name>Yorkerista</name>
  <name>Young</name>
  <name>Youtubeen</name>
  <name>YouTubesta</name>
  <name>Yu</name>
  <name>Yulle</name>
  <name>Yun</name>
  <name>Yusuf</name>
  <name>Yuta</name>
  <name>Zaire</name>
  <name>Zairen tasavalta</name>
  <name>Zapata</name>
  <name>Zeb</name>
  <name>Zebra</name>
  <name>Zeitung</name>
  <name>Zeng</name>
  <name>Zengillä</name>
  <name>Zero</name>
  <name>Zeroa</name>
  <name>Zerohan</name>
  <name>Zeroihin</name>
  <name>Zerojen</name>
  <name>Zhang</name>
  <name>Zhanshen</name>
  <name>Zhuang</name>
  <name>Zift</name>
  <name>Zimbabwe</name>
  <name>Zivaa</name>
  <name>Zivaan</name>
  <name>Zivan</name>
  <name>Zivasta</name>
  <name>Zoen</name>
  <name>Zora</name>
  <name>Zoroaster</name>
  <name>Zoye</name>
  <name>Zürichissa</name>
  <name>Åkessonin</name>
</names>