﻿<?xml version="1.0" encoding="utf-8"?>
<!-- This list contains names with specific casing - and specific to French only -->
<names>
  <blacklist />
  <name>Abdon</name>
  <name>Abdonie</name>
  <name>Abdonise</name>
  <name>Abélard</name>
  <name>Abélie</name>
  <name>Abelin</name>
  <name>Abeline</name>
  <name>Abelle</name>
  <name>Abigaelle</name>
  <name>Abigaëlle</name>
  <name>Abigaïl</name>
  <name>Abondance</name>
  <name>Absalon</name>
  <name>Acace</name>
  <name>Acaciane</name>
  <name>Acacie</name>
  <name>Acanthe</name>
  <name>Achaire</name>
  <name>Achille</name>
  <name>Adalard</name>
  <name>Adalbald</name>
  <name>Adalbaude</name>
  <name>Adalbéron</name>
  <name>Adalbert</name>
  <name>Adalric</name>
  <name>Adalsinde</name>
  <name>Adegrin</name>
  <name>Adegrine</name>
  <name>Adel</name>
  <name>Adélaïde</name>
  <name>Adèle</name>
  <name>Adélice</name>
  <name>Adélie</name>
  <name>Adelin</name>
  <name>Adeline</name>
  <name>Adelphe</name>
  <name>Adeltrude</name>
  <name>Adenet</name>
  <name>Adéodat</name>
  <name>Adhémar</name>
  <name>Adjutor</name>
  <name>Adolphe</name>
  <name>Adolphie</name>
  <name>Adon</name>
  <name>Adonis</name>
  <name>Adonise</name>
  <name>Adraste</name>
  <name>Adrastée</name>
  <name>Adrehilde</name>
  <name>Adrien</name>
  <name>Adrienne</name>
  <name>Aelis</name>
  <name>Afghanistan</name>
  <name>Afrique</name>
  <name>Afrique australe</name>
  <name>Afrique centrale</name>
  <name>Afrique du Sud</name>
  <name>Afrique occidentale</name>
  <name>Afrique orientale</name>
  <name>Afrique septentrionale</name>
  <name>Afrique subsaharienne</name>
  <name>Agapet</name>
  <name>Agathange</name>
  <name>Agathe</name>
  <name>Agathon</name>
  <name>Agénor</name>
  <name>Agilbert</name>
  <name>Agilberte</name>
  <name>Aglaé</name>
  <name>Agnan</name>
  <name>Agnane</name>
  <name>Agneflète</name>
  <name>Agnel</name>
  <name>Agnès</name>
  <name>Agrippin</name>
  <name>Agrippine</name>
  <name>Aignan</name>
  <name>Aignane</name>
  <name>Aimable</name>
  <name>Aimé</name>
  <name>Aimée</name>
  <name>Alaine</name>
  <name>Alban</name>
  <name>Albane</name>
  <name>Albanie</name>
  <name>Albérade</name>
  <name>Albéric</name>
  <name>Albertet</name>
  <name>Albertine</name>
  <name>Albin</name>
  <name>Albine</name>
  <name>Alcée</name>
  <name>Alcibiade</name>
  <name>Alcidie</name>
  <name>Alcime</name>
  <name>Alcine</name>
  <name>Alcyone</name>
  <name>Aldebert</name>
  <name>Aldegonde</name>
  <name>Aldegrin</name>
  <name>Aldemar</name>
  <name>Aldéric</name>
  <name>Aldonce</name>
  <name>Aldric</name>
  <name>Aleaume</name>
  <name>Aleth</name>
  <name>Alexandre Issaïevitch Soljénitsyne</name>
  <name>Alexandre Soljénitsyne</name>
  <name>Alexandrine</name>
  <name>Alexane</name>
  <name>Alexiane</name>
  <name>Alexie</name>
  <name>Alexine</name>
  <name>Algérie</name>
  <name>Aliénor</name>
  <name>Aliette</name>
  <name>Aline</name>
  <name>Alizé</name>
  <name>Allemagne</name>
  <name>Almine</name>
  <name>Almire</name>
  <name>Aloïs</name>
  <name>Aloys</name>
  <name>Aloyse</name>
  <name>Alphée</name>
  <name>Alphonse</name>
  <name>Alphonsie</name>
  <name>Alphonsine</name>
  <name>Alpinien</name>
  <name>Althée</name>
  <name>Alverède</name>
  <name>Amadis</name>
  <name>Amaliane</name>
  <name>Amalric</name>
  <name>Amalthée</name>
  <name>Amande</name>
  <name>Amandin</name>
  <name>Amandine</name>
  <name>Amant</name>
  <name>Amante</name>
  <name>Amantine</name>
  <name>Amarande</name>
  <name>Amaranthe</name>
  <name>Amaryllis</name>
  <name>Amarynthe</name>
  <name>Amaury</name>
  <name>Ambre</name>
  <name>Ambrine</name>
  <name>Ambroise</name>
  <name>Ambroisie</name>
  <name>Ambroisine</name>
  <name>Amédée</name>
  <name>Ameliane</name>
  <name>Amélie</name>
  <name>Amélien</name>
  <name>Ameline</name>
  <name>Amérique centrale</name>
  <name>Amérique du Nord</name>
  <name>Amérique du Sud</name>
  <name>Amérique latine</name>
  <name>Amérique septentrionale</name>
  <name>Amériques</name>
  <name>Améthyste</name>
  <name>Amiel</name>
  <name>Aminte</name>
  <name>Amour</name>
  <name>Anaël</name>
  <name>Anaelle</name>
  <name>Anaïs</name>
  <name>Anastase</name>
  <name>Anastasiane</name>
  <name>Anastasie</name>
  <name>Anatole</name>
  <name>Anatolie</name>
  <name>Anatoline</name>
  <name>Ancelin</name>
  <name>Anceline</name>
  <name>Andelin</name>
  <name>Andéol</name>
  <name>Andorre</name>
  <name>André</name>
  <name>Andrée</name>
  <name>Anémone</name>
  <name>Angadrême</name>
  <name>Angelin</name>
  <name>Angeline</name>
  <name>Angélique</name>
  <name>Angilbe</name>
  <name>Angilberte</name>
  <name>Angilran</name>
  <name>Anglebert</name>
  <name>Angola</name>
  <name>Angoustan</name>
  <name>Anguilla</name>
  <name>Anicet</name>
  <name>Anicette</name>
  <name>Anis</name>
  <name>Annibal</name>
  <name>Annonciade</name>
  <name>Ansbert</name>
  <name>Ansberte</name>
  <name>Anselme</name>
  <name>Anstrudie</name>
  <name>Antarctique</name>
  <name>Antheaume</name>
  <name>Anthelme</name>
  <name>Anthelmette</name>
  <name>Anthelmine</name>
  <name>Anthime</name>
  <name>Antide</name>
  <name>Antigone</name>
  <name>Antigua-et-Barbuda</name>
  <name>Antoinette</name>
  <name>Antonin</name>
  <name>Antonine</name>
  <name>Aphélie</name>
  <name>Apollinaire</name>
  <name>Apolline</name>
  <name>Apollon</name>
  <name>Apollonie</name>
  <name>Aquilin</name>
  <name>Aquiline</name>
  <name>Arabelle</name>
  <name>Arabie saoudite</name>
  <name>Arcade</name>
  <name>Arcadiane</name>
  <name>Arcadie</name>
  <name>Archambaud</name>
  <name>Archambeau</name>
  <name>Argentine</name>
  <name>Argine</name>
  <name>Arian</name>
  <name>Ariane</name>
  <name>Aricie</name>
  <name>Arielle</name>
  <name>Ariste</name>
  <name>Aristide</name>
  <name>Aristion</name>
  <name>Arlette</name>
  <name>Armance</name>
  <name>Armande</name>
  <name>Armandie</name>
  <name>Armandine</name>
  <name>Armel</name>
  <name>Armeline</name>
  <name>Armelle</name>
  <name>Arménie</name>
  <name>Armide</name>
  <name>Armin</name>
  <name>Armine</name>
  <name>Arminie</name>
  <name>Arnalde</name>
  <name>Arnaud</name>
  <name>Arnaude</name>
  <name>Arnould</name>
  <name>Arolde</name>
  <name>Arsène</name>
  <name>Arsènie</name>
  <name>Artémis</name>
  <name>Arthaud</name>
  <name>Arthème</name>
  <name>Arthurine</name>
  <name>Aruba</name>
  <name>Ascelin</name>
  <name>Asceline</name>
  <name>Asie</name>
  <name>Asie centrale</name>
  <name>Asie de l’Est</name>
  <name>Asie de l’Ouest</name>
  <name>Asie du Sud</name>
  <name>Asie du Sud-Est</name>
  <name>Astérie</name>
  <name>Astrée</name>
  <name>Astride</name>
  <name>Athalie</name>
  <name>Athanase</name>
  <name>Athanasie</name>
  <name>Athénaïs</name>
  <name>Athina</name>
  <name>Aubane</name>
  <name>Aube</name>
  <name>Aubérie</name>
  <name>Aubert</name>
  <name>Aubertin</name>
  <name>Aubertine</name>
  <name>Aubin</name>
  <name>Aubry</name>
  <name>Aude</name>
  <name>Audebert</name>
  <name>Audeline</name>
  <name>Audette</name>
  <name>Audouin</name>
  <name>Audran</name>
  <name>Audric</name>
  <name>Auguste</name>
  <name>Augustine</name>
  <name>Aulde</name>
  <name>Aure</name>
  <name>Aurèle</name>
  <name>Aurélia</name>
  <name>Aurélie</name>
  <name>Aurélien</name>
  <name>Aurélienne</name>
  <name>Aurelle</name>
  <name>Aurian</name>
  <name>Auriane</name>
  <name>Aurore</name>
  <name>Australasie</name>
  <name>Australie</name>
  <name>Automne</name>
  <name>Autriche</name>
  <name>Auxane</name>
  <name>Auxence</name>
  <name>Aveline</name>
  <name>Avigaelle</name>
  <name>Avigaïl</name>
  <name>Avoye</name>
  <name>Avril</name>
  <name>Axeline</name>
  <name>Axellane</name>
  <name>Axelle</name>
  <name>Aymard</name>
  <name>Aymardine</name>
  <name>Aymeric</name>
  <name>Aymon</name>
  <name>Aymond</name>
  <name>Aymonde</name>
  <name>Azalée</name>
  <name>Azel</name>
  <name>Azélie</name>
  <name>Azeline</name>
  <name>Azelle</name>
  <name>Azerbaïdjan</name>
  <name>Bahamas</name>
  <name>Bahreïn</name>
  <name>Bangladesh</name>
  <name>Baptiste</name>
  <name>Barbade</name>
  <name>Barbe</name>
  <name>Barnabé</name>
  <name>Baron de Münchhausen</name>
  <name>Barthélemy</name>
  <name>Basile</name>
  <name>Bastien</name>
  <name>Baudouin</name>
  <name>Béatrice</name>
  <name>Béatrix</name>
  <name>Belgique</name>
  <name>Belize</name>
  <name>Bénédicte</name>
  <name>Bénigne</name>
  <name>Bénin</name>
  <name>Benoît</name>
  <name>Béranger</name>
  <name>Bérangère</name>
  <name>Bermudes</name>
  <name>Berthe</name>
  <name>Bertrand</name>
  <name>Beuve</name>
  <name>Bhoutan</name>
  <name>Biélorussie</name>
  <name>Birmanie</name>
  <name>Blanche</name>
  <name>Blandine</name>
  <name>Bodon</name>
  <name>Bolivie</name>
  <name>Boniface</name>
  <name>Bosnie-Herzégovine</name>
  <name>Botswana</name>
  <name>Bouchard</name>
  <name>Brazzaville</name>
  <name>Brésil</name>
  <name>Brigitte</name>
  <name>Brunehaut</name>
  <name>Brunehilde</name>
  <name>Brunéi Darussalam</name>
  <name>Brunon</name>
  <name>Bruxelles</name>
  <name>Bulgarie</name>
  <name>Burkina Faso</name>
  <name>Burundi</name>
  <name>Calixte</name>
  <name>Calliste</name>
  <name>Cambodge</name>
  <name>Camélien</name>
  <name>Cameroun</name>
  <name>Camillien</name>
  <name>Canada</name>
  <name>Candide</name>
  <name>Capucine</name>
  <name>Cap-Vert</name>
  <name>Caraïbes</name>
  <name>Caribert</name>
  <name>Carle</name>
  <name>Carloman</name>
  <name>Cassandre</name>
  <name>Cassien</name>
  <name>Cathaline</name>
  <name>Cécile</name>
  <name>Cédric</name>
  <name>Célestin</name>
  <name>Célestine</name>
  <name>Célia</name>
  <name>Célien</name>
  <name>Céline</name>
  <name>Césaire</name>
  <name>César</name>
  <name>Ceuta et Melilla</name>
  <name>Chamas</name>
  <name>Charlène</name>
  <name>Charline</name>
  <name>Childebert</name>
  <name>Chili</name>
  <name>Chilpéric</name>
  <name>Chine</name>
  <name>Chloé</name>
  <name>Chrétien</name>
  <name>Christelle</name>
  <name>Christodule</name>
  <name>Christophe</name>
  <name>Chrystèle</name>
  <name>Chypre</name>
  <name>Clara</name>
  <name>Claudie</name>
  <name>Claudien</name>
  <name>Cléandre</name>
  <name>Clémence</name>
  <name>Clément</name>
  <name>Clotaire</name>
  <name>Clotilde</name>
  <name>Clovis</name>
  <name>Colas</name>
  <name>Coline</name>
  <name>Colombie</name>
  <name>Côme</name>
  <name>Comores</name>
  <name>Congo</name>
  <name>Congo belge</name>
  <name>Congo-Brazzaville</name>
  <name>Congo-Kinshasa</name>
  <name>Congo-Léopoldville</name>
  <name>Constance</name>
  <name>Constant</name>
  <name>Constantin</name>
  <name>Copenhague</name>
  <name>Coralie</name>
  <name>Coraline</name>
  <name>Corée du Nord</name>
  <name>Corée du Sud</name>
  <name>Corentin</name>
  <name>Corentine</name>
  <name>Cosette</name>
  <name>Costa Rica</name>
  <name>Côte d’Ivoire</name>
  <name>Croatie</name>
  <name>Cuba</name>
  <name>Curaçao</name>
  <name>Cyprien</name>
  <name>Cyriaque</name>
  <name>Cyrielle</name>
  <name>Cyrille</name>
  <name>Danemark</name>
  <name>Danièle</name>
  <name>Daphné</name>
  <name>Daphnée</name>
  <name>Delphine</name>
  <name>Denis</name>
  <name>Désiré</name>
  <name>Didier</name>
  <name>Diego Garcia</name>
  <name>Dieudonné</name>
  <name>Dieudonnée</name>
  <name>Djibouti</name>
  <name>Dominique</name>
  <name>Doriane</name>
  <name>Dorianne</name>
  <name>Dorine</name>
  <name>Dostoïevski</name>
  <name>Douce</name>
  <name>É.-U.</name>
  <name>Edouard</name>
  <name>Égypte</name>
  <name>Eléis</name>
  <name>Eléna</name>
  <name>Eléonore</name>
  <name>Elia</name>
  <name>Eliane</name>
  <name>Elie</name>
  <name>Eliette</name>
  <name>Élisabeth</name>
  <name>Elise</name>
  <name>Elisée</name>
  <name>Elodie</name>
  <name>Eloïse</name>
  <name>Emeline</name>
  <name>Emeric</name>
  <name>Emilien</name>
  <name>Émirats arabes unis</name>
  <name>Emmanuelle</name>
  <name>Epiphane</name>
  <name>Équateur</name>
  <name>Ernestine</name>
  <name>Érythrée</name>
  <name>Espagne</name>
  <name>Estelle</name>
  <name>Estevan</name>
  <name>Estonie</name>
  <name>Eswatini</name>
  <name>État de la Cité du Vatican</name>
  <name>États fédérés de Micronésie</name>
  <name>États-Unis</name>
  <name>Éthiopie</name>
  <name>Etienne</name>
  <name>Eudes</name>
  <name>Eudoxe</name>
  <name>Eugène</name>
  <name>Eugénie</name>
  <name>Eulalie</name>
  <name>Europe</name>
  <name>Europe de l’Est</name>
  <name>Europe de l’Ouest</name>
  <name>Europe du Nord</name>
  <name>Europe du Sud</name>
  <name>Eusèbe</name>
  <name>Eustache</name>
  <name>Eva</name>
  <name>Evangéline</name>
  <name>Evelyne</name>
  <name>Fabien</name>
  <name>Fabrice</name>
  <name>Falba</name>
  <name>Fantine</name>
  <name>Faustine</name>
  <name>Félicie</name>
  <name>Félicité</name>
  <name>Félix</name>
  <name>Ferdinand</name>
  <name>Fernand</name>
  <name>Fernande</name>
  <name>Fiacre</name>
  <name>Fidji</name>
  <name>Finlande</name>
  <name>Fiodor Dostoïevski</name>
  <name>Fiodor Mikhaïlovitch Dostoïevski</name>
  <name>Firmin</name>
  <name>Flavie</name>
  <name>Flavien</name>
  <name>Flodoard</name>
  <name>Flore</name>
  <name>Florent</name>
  <name>Florentin</name>
  <name>Florian</name>
  <name>Florie</name>
  <name>Fortuné</name>
  <name>Fortunée</name>
  <name>Foulques</name>
  <name>France</name>
  <name>Francia</name>
  <name>Franck</name>
  <name>Françoise</name>
  <name>Frédéric</name>
  <name>Fulbert</name>
  <name>Fulcran</name>
  <name>Fulgence</name>
  <name>Gabin</name>
  <name>Gabon</name>
  <name>Gabonais</name>
  <name>Gabonaise</name>
  <name>Gabonaises</name>
  <name>Gaël</name>
  <name>Gaëlle</name>
  <name>Galeran</name>
  <name>Galerand</name>
  <name>Gambie</name>
  <name>Garnier</name>
  <name>Gaspard</name>
  <name>Gaston</name>
  <name>Gatien</name>
  <name>Gaud</name>
  <name>Gautier</name>
  <name>Geneviève</name>
  <name>Geoffroy</name>
  <name>Georges</name>
  <name>Georgette</name>
  <name>Géorgie</name>
  <name>Géorgie du Sud</name>
  <name>Géorgie du Sud et îles Sandwich du Sud</name>
  <name>Gérald</name>
  <name>Gérard</name>
  <name>Géraud</name>
  <name>Gerberge</name>
  <name>Germain</name>
  <name>Germaine</name>
  <name>Gertrude</name>
  <name>Gervais</name>
  <name>Ghana</name>
  <name>Ghislain</name>
  <name>Gibraltar</name>
  <name>Gilles</name>
  <name>Girart</name>
  <name>Gisèle</name>
  <name>Gislebert</name>
  <name>Gondebaud</name>
  <name>Gonthier</name>
  <name>Gontran</name>
  <name>Gonzague</name>
  <name>Grèce</name>
  <name>Grégoire</name>
  <name>Grenade</name>
  <name>Groenland</name>
  <name>Guadeloupe</name>
  <name>Guam</name>
  <name>Guatemala</name>
  <name>Guenièvre</name>
  <name>Guérin</name>
  <name>Guernesey</name>
  <name>Gui</name>
  <name>Guilhem</name>
  <name>Guilhemine</name>
  <name>Guillemette</name>
  <name>Guinée</name>
  <name>Guinée équatoriale</name>
  <name>Guinée-Bissau</name>
  <name>Gustaphine</name>
  <name>Gustave</name>
  <name>Gustavine</name>
  <name>Guy</name>
  <name>Guyana</name>
  <name>Guyane française</name>
  <name>Guyot</name>
  <name>Gwenael</name>
  <name>Gwenaëlle</name>
  <name>Gwendoline</name>
  <name>Gwladys</name>
  <name>Haïti</name>
  <name>Hardouin</name>
  <name>Harmonie</name>
  <name>Hédelin</name>
  <name>Hedwige</name>
  <name>Hélène</name>
  <name>Hélier</name>
  <name>Héloïse</name>
  <name>Henriette</name>
  <name>Herluin</name>
  <name>Hilaire</name>
  <name>Hildebert</name>
  <name>Hincmar</name>
  <name>Honduras</name>
  <name>Hong Kong</name>
  <name>Hongrie</name>
  <name>Honoré</name>
  <name>Hortense</name>
  <name>Hugues</name>
  <name>Huguette</name>
  <name>Île Bouvet</name>
  <name>Île Christmas</name>
  <name>Île Clipperton</name>
  <name>Île de l’Ascension</name>
  <name>Île de Man</name>
  <name>Île Norfolk</name>
  <name>Îles Åland</name>
  <name>Îles Caïmans</name>
  <name>Îles Canaries</name>
  <name>Îles Cocos</name>
  <name>Îles Cook</name>
  <name>Îles Falkland</name>
  <name>Îles Féroé</name>
  <name>Îles Heard et McDonald</name>
  <name>Îles Malouines</name>
  <name>Îles Mariannes du Nord</name>
  <name>Îles Marshall</name>
  <name>Îles mineures éloignées des États-Unis</name>
  <name>Îles Pitcairn</name>
  <name>Îles Salomon</name>
  <name>Îles Sandwich du Sud</name>
  <name>Îles Turques-et-Caïques</name>
  <name>Îles Vierges britanniques</name>
  <name>Îles Vierges des États-Unis</name>
  <name>Inde</name>
  <name>Indonésie</name>
  <name>Inès</name>
  <name>Innocent</name>
  <name>Irak</name>
  <name>Iran</name>
  <name>Irène</name>
  <name>Iris</name>
  <name>Irlande</name>
  <name>Isaline</name>
  <name>Iseult</name>
  <name>Isidore</name>
  <name>Islande</name>
  <name>Israël</name>
  <name>Italie</name>
  <name>Jacinthe</name>
  <name>Jacqueline</name>
  <name>Jade</name>
  <name>Jamaïque</name>
  <name>Japhet</name>
  <name>Japon</name>
  <name>Jeanine</name>
  <name>Jeannel</name>
  <name>Jeannot</name>
  <name>Jérémie</name>
  <name>Jérôme</name>
  <name>Jersey</name>
  <name>Joanny</name>
  <name>Job</name>
  <name>Jocelyn</name>
  <name>Jocelyne</name>
  <name>Joël</name>
  <name>Joëlle</name>
  <name>Johan</name>
  <name>Jordanie</name>
  <name>Joséphine</name>
  <name>Josse</name>
  <name>Josselin</name>
  <name>Jourdain</name>
  <name>Jude</name>
  <name>Judicaël</name>
  <name>Julien</name>
  <name>Juste</name>
  <name>Justine</name>
  <name>Karine</name>
  <name>Kazakhstan</name>
  <name>Kenya</name>
  <name>Kilian</name>
  <name>Kinshasa</name>
  <name>Kirghizistan</name>
  <name>Kiribati</name>
  <name>Kosovo</name>
  <name>Koweït</name>
  <name>La Réunion</name>
  <name>Lætitia</name>
  <name>Lambert</name>
  <name>Laos</name>
  <name>Laure</name>
  <name>Laureene</name>
  <name>Laureline</name>
  <name>Laurène</name>
  <name>Laurianne</name>
  <name>Laurine</name>
  <name>Léa</name>
  <name>Leila</name>
  <name>Léna</name>
  <name>Lennaic</name>
  <name>Léo</name>
  <name>Léon</name>
  <name>Léon Tolstoï</name>
  <name>Léonie</name>
  <name>Léonne</name>
  <name>Léopold</name>
  <name>Lesotho</name>
  <name>Létaud</name>
  <name>Lettonie</name>
  <name>Leu</name>
  <name>Leufroy</name>
  <name>Lev Nikolaïevitch Tolstoï</name>
  <name>Liban</name>
  <name>Libéria</name>
  <name>Libye</name>
  <name>Liechtenstein</name>
  <name>Liège</name>
  <name>Liège-Bastogne-Liège</name>
  <name>Liétald</name>
  <name>Lilian</name>
  <name>Lilou</name>
  <name>Lison</name>
  <name>Lituanie</name>
  <name>Loïc</name>
  <name>Lorène</name>
  <name>Lorrain</name>
  <name>Lothaire</name>
  <name>Loup</name>
  <name>Lucie</name>
  <name>Lucien</name>
  <name>Lucienne</name>
  <name>Ludivine</name>
  <name>Ludolphe</name>
  <name>Ludovic</name>
  <name>Luxembourg</name>
  <name>Lydie</name>
  <name>Macao</name>
  <name>Macédoine du Nord</name>
  <name>Madagascar</name>
  <name>Madyson</name>
  <name>Maëlys</name>
  <name>Magali</name>
  <name>Maguelone</name>
  <name>Mahault</name>
  <name>Mahaut</name>
  <name>Malaisie</name>
  <name>Malaury</name>
  <name>Malawi</name>
  <name>Maldives</name>
  <name>Malhaury</name>
  <name>Mali</name>
  <name>Mallaury</name>
  <name>Malo</name>
  <name>Malte</name>
  <name>Mamert</name>
  <name>Manassès</name>
  <name>Manon</name>
  <name>Marceau</name>
  <name>Marcel</name>
  <name>Marcelin</name>
  <name>Marceline</name>
  <name>Margaux</name>
  <name>Margot</name>
  <name>Marina</name>
  <name>Marine</name>
  <name>Marius</name>
  <name>Marlène</name>
  <name>Maroc</name>
  <name>Marthe</name>
  <name>Martine</name>
  <name>Martinique</name>
  <name>Mathias</name>
  <name>Mathieu</name>
  <name>Mathurin</name>
  <name>Matthias</name>
  <name>Matthieu</name>
  <name>Maud</name>
  <name>Maugis</name>
  <name>Maurice</name>
  <name>Mauricet</name>
  <name>Mauricette</name>
  <name>Mauritanie</name>
  <name>Maxence</name>
  <name>Maximilien</name>
  <name>Mayeul</name>
  <name>Mayotte</name>
  <name>Médéric</name>
  <name>Mélanésie</name>
  <name>Mélina</name>
  <name>Méline</name>
  <name>Mélisande</name>
  <name>Mélisandre</name>
  <name>Mélisende</name>
  <name>Mélissa</name>
  <name>Mélissandre</name>
  <name>Mélysandre</name>
  <name>Mence</name>
  <name>Mérovée</name>
  <name>Meuse</name>
  <name>Mexique</name>
  <name>Michèle</name>
  <name>Micheline</name>
  <name>Mireille</name>
  <name>Moïse</name>
  <name>Moïsette</name>
  <name>Moldavie</name>
  <name>Monaco</name>
  <name>Mongolie</name>
  <name>Monténégro</name>
  <name>Montserrat</name>
  <name>Morgane</name>
  <name>Mozambique</name>
  <name>Murielle</name>
  <name>Myanmar</name>
  <name>Mylène</name>
  <name>Nadège</name>
  <name>Naël</name>
  <name>Namibie</name>
  <name>Nathalie</name>
  <name>Nations Unies</name>
  <name>Naudet</name>
  <name>Nauru</name>
  <name>Néhémie</name>
  <name>Népal</name>
  <name>Nestor</name>
  <name>Nicaragua</name>
  <name>Nicci</name>
  <name>Niger</name>
  <name>Nigéria</name>
  <name>Niue</name>
  <name>Noé</name>
  <name>Noël</name>
  <name>Noëlle</name>
  <name>Noémie</name>
  <name>Nolwenn</name>
  <name>Norbert</name>
  <name>Norgot</name>
  <name>Norvège</name>
  <name>Nouvelle-Calédonie</name>
  <name>Nouvelle-Zélande</name>
  <name>Noyale</name>
  <name>NU</name>
  <name>Océan</name>
  <name>Océane</name>
  <name>Océanie</name>
  <name>Octave</name>
  <name>Odile</name>
  <name>Odilon</name>
  <name>Odon</name>
  <name>Oger</name>
  <name>Olive</name>
  <name>Olympe</name>
  <name>Oman</name>
  <name>Ophélie</name>
  <name>Orlane</name>
  <name>Othon</name>
  <name>Ouganda</name>
  <name>Ourthe</name>
  <name>Ouzbékistan</name>
  <name>Ozanne</name>
  <name>Pacôme</name>
  <name>Pakistan</name>
  <name>Palaos</name>
  <name>Palestine</name>
  <name>Panama</name>
  <name>Papouasie-Nouvelle-Guinée</name>
  <name>Paraguay</name>
  <name>Pascale</name>
  <name>Pascaline</name>
  <name>Paterne</name>
  <name>Patrice</name>
  <name>Paule</name>
  <name>Pauline</name>
  <name>Pays-Bas</name>
  <name>Pays-Bas caribéens</name>
  <name>Pécine</name>
  <name>Pélagie</name>
  <name>Pénélope</name>
  <name>Pépin</name>
  <name>Perceval</name>
  <name>Pérou</name>
  <name>Perrine</name>
  <name>Pétronille</name>
  <name>Philémon</name>
  <name>Philibert</name>
  <name>Philippine</name>
  <name>Philippines</name>
  <name>Philomène</name>
  <name>Piotr Ilitch Tchaïkovski</name>
  <name>Piotr Tchaïkovski</name>
  <name>Pollyanna</name>
  <name>Pologne</name>
  <name>Polynésie</name>
  <name>Polynésie française</name>
  <name>Porto Rico</name>
  <name>Port-Saint-Louis-du-Rhône</name>
  <name>Portugal</name>
  <name>Primerose</name>
  <name>Priscille</name>
  <name>Prosper</name>
  <name>Pulchérie</name>
  <name>Qatar</name>
  <name>R.A.S. chinoise de Hong Kong</name>
  <name>R.A.S. chinoise de Macao</name>
  <name>R.-U.</name>
  <name>Raoul</name>
  <name>Raphaël</name>
  <name>Raphaëlle</name>
  <name>Raymonde</name>
  <name>RD Congo</name>
  <name>RDC</name>
  <name>Régine</name>
  <name>région micronésienne</name>
  <name>régions éloignées de l’Océanie</name>
  <name>Régis</name>
  <name>Réjean</name>
  <name>Réjeanne</name>
  <name>Rémi</name>
  <name>Rémy</name>
  <name>Renaud</name>
  <name>René</name>
  <name>République centrafricaine</name>
  <name>République de Côte d’Ivoire</name>
  <name>République démocratique du Congo</name>
  <name>République dominicaine</name>
  <name>République du Congo</name>
  <name>République populaire du Congo</name>
  <name>République tchèque</name>
  <name>Reybaud</name>
  <name>Rhône</name>
  <name>Roch</name>
  <name>Rodolphe</name>
  <name>Roland</name>
  <name>Rolande</name>
  <name>Romain</name>
  <name>Roméo</name>
  <name>Romuald</name>
  <name>Ronan</name>
  <name>Rose</name>
  <name>Roselin</name>
  <name>Roseline</name>
  <name>Roumanie</name>
  <name>Royaume-Uni</name>
  <name>Russie</name>
  <name>Rwanda</name>
  <name>Sabine</name>
  <name>Sahara occidental</name>
  <name>Saint-Barthélemy</name>
  <name>Saint-Christophe-et-Niévès</name>
  <name>Sainte-Hélène</name>
  <name>Sainte-Lucie</name>
  <name>Saint-Marin</name>
  <name>Saint-Martin</name>
  <name>Saint-Pierre-et-Miquelon</name>
  <name>Saint-Vincent-et-les-Grenadines</name>
  <name>Salomé</name>
  <name>Salvador</name>
  <name>Samoa</name>
  <name>Samoa américaines</name>
  <name>Sandrine</name>
  <name>Sao Tomé-et-Principe</name>
  <name>Savin</name>
  <name>Sébastien</name>
  <name>Ségolène</name>
  <name>Sénégal</name>
  <name>Serbie</name>
  <name>Serge</name>
  <name>Séverin</name>
  <name>Séverine</name>
  <name>Seychelles</name>
  <name>Sibylle</name>
  <name>Sidoine</name>
  <name>Sierra Leone</name>
  <name>Sigebert</name>
  <name>Sigismond</name>
  <name>Siméon</name>
  <name>Singapour</name>
  <name>Sixte</name>
  <name>Sixtine</name>
  <name>Slovaquie</name>
  <name>Slovénie</name>
  <name>Solange</name>
  <name>Soleine</name>
  <name>Solène</name>
  <name>Soline</name>
  <name>Soljénitsyne</name>
  <name>Somalie</name>
  <name>Soudan</name>
  <name>Soudan du Sud</name>
  <name>Sri Lanka</name>
  <name>Stanislas</name>
  <name>Stéphan</name>
  <name>Stéphane</name>
  <name>Stéphanie</name>
  <name>Suède</name>
  <name>Suisse</name>
  <name>Suriname</name>
  <name>Suzette</name>
  <name>Suzon</name>
  <name>Svalbard et Jan Mayen</name>
  <name>Swaziland</name>
  <name>Sylvain</name>
  <name>Sylvestre</name>
  <name>Sylviane</name>
  <name>Sylvie</name>
  <name>Syrie</name>
  <name>Syrine</name>
  <name>Tadjikistan</name>
  <name>Taïwan</name>
  <name>Tancrède</name>
  <name>Tanguy</name>
  <name>Tanzanie</name>
  <name>Taurin</name>
  <name>Tchad</name>
  <name>Tchaïkovski</name>
  <name>Tchéquie</name>
  <name>Terres australes françaises</name>
  <name>Territoire britannique de l’océan Indien</name>
  <name>Territoires palestiniens</name>
  <name>Thaïlande</name>
  <name>Thaïs</name>
  <name>Théo</name>
  <name>Théodebert</name>
  <name>Théodora</name>
  <name>Théodore</name>
  <name>Théophile</name>
  <name>Thérèse</name>
  <name>Thibault</name>
  <name>Thibert</name>
  <name>Thierry</name>
  <name>Timoléon</name>
  <name>Timor oriental</name>
  <name>Timor-Oriental</name>
  <name>Timothée</name>
  <name>Tiphaine</name>
  <name>Titien</name>
  <name>Togo</name>
  <name>Tokelau</name>
  <name>Tolstoï</name>
  <name>Tonga</name>
  <name>Tonnin</name>
  <name>Trajan</name>
  <name>Trinité</name>
  <name>Trinité-et-Tobago</name>
  <name>Tristan da Cunha</name>
  <name>Tunisie</name>
  <name>Turkménistan</name>
  <name>Turold</name>
  <name>Turquie</name>
  <name>Tuvalu</name>
  <name>Ukraine</name>
  <name>Ulrich</name>
  <name>Ulysse</name>
  <name>Union européenne</name>
  <name>Urbain</name>
  <name>Uruguay</name>
  <name>Uther</name>
  <name>Valentin</name>
  <name>Valère</name>
  <name>Valérie</name>
  <name>Valéry</name>
  <name>Vanuatu</name>
  <name>Venceslas</name>
  <name>Venezuela</name>
  <name>Victoire</name>
  <name>Victorin</name>
  <name>Victorine</name>
  <name>Vienne</name>
  <name>Vietnam</name>
  <name>Vinciane</name>
  <name>Violette</name>
  <name>Virginie</name>
  <name>Viviane</name>
  <name>Vivien</name>
  <name>Waleran</name>
  <name>Walerand</name>
  <name>Wallis-et-Futuna</name>
  <name>Wandrille</name>
  <name>Xavière</name>
  <name>Yann</name>
  <name>Yannick</name>
  <name>Yémen</name>
  <name>Yoann</name>
  <name>Yolande</name>
  <name>Ysaline</name>
  <name>Yse</name>
  <name>Ysé</name>
  <name>Yseult</name>
  <name>Ysoie</name>
  <name>Ysoline</name>
  <name>Yves</name>
  <name>Yvette</name>
  <name>Yvon</name>
  <name>Zacharie</name>
  <name>Zaché</name>
  <name>Zaïre</name>
  <name>Zambie</name>
  <name>Zéphir</name>
  <name>Zéphirin</name>
  <name>Zimbabwe</name>
  <name>Zoé</name>
</names>