﻿<?xml version="1.0" encoding="utf-8"?>
<names>
  <blacklist />
  <name>Adrijana</name>
  <name>Afganistan</name>
  <name>Afrika</name>
  <name>Agata</name>
  <name>Agneza</name>
  <name>Ålandski otoci</name>
  <name>Albanija</name>
  <name>Aleksandar</name>
  <name>Aleksandar Isajevič Solženjicin</name>
  <name>Aleksandar Solženjicin</name>
  <name>Aleksandra</name>
  <name>Alen</name>
  <name>Alma</name>
  <name>Alojz</name>
  <name>Alojzija</name>
  <name>Alojzije</name>
  <name>Alžir</name>
  <name>Aljoša</name>
  <name>Amalija</name>
  <name>Američka Samoa</name>
  <name>Američki Djevičanski otoci</name>
  <name>Amerike</name>
  <name>Anamarija</name>
  <name>Anastazija</name>
  <name>Andora</name>
  <name>Andrej</name>
  <name>Andreja</name>
  <name>Andrija</name>
  <name>Andrijana</name>
  <name>Andro</name>
  <name>Angola</name>
  <name>Angvila</name>
  <name>Anica</name>
  <name>Anka</name>
  <name>Ankica</name>
  <name>Antarktika</name>
  <name>Ante</name>
  <name>Antica</name>
  <name>Antigva i Barbuda</name>
  <name>Anto</name>
  <name>Antonela</name>
  <name>Antonija</name>
  <name>Antonijo</name>
  <name>Antun</name>
  <name>Argentina</name>
  <name>Armenija</name>
  <name>Aruba</name>
  <name>Australazija</name>
  <name>Australija</name>
  <name>Austrija</name>
  <name>Azerbajdžan</name>
  <name>Azija</name>
  <name>Bahami</name>
  <name>Bahrein</name>
  <name>Bangladeš</name>
  <name>Barbados</name>
  <name>Barica</name>
  <name>Bartol</name>
  <name>Bartolomej</name>
  <name>Barun Münchhausen</name>
  <name>Belgija</name>
  <name>Belgijski Kongo</name>
  <name>Belize</name>
  <name>Benin</name>
  <name>Berislav</name>
  <name>Bermudi</name>
  <name>Bernarda</name>
  <name>Biljana</name>
  <name>Biserka</name>
  <name>Bjelokosna Obala</name>
  <name>Bjelorusija</name>
  <name>Blago</name>
  <name>Blagoje</name>
  <name>Blanka</name>
  <name>Blaž</name>
  <name>Blaženka</name>
  <name>Bocvana</name>
  <name>Bogdan</name>
  <name>Bojan</name>
  <name>Bojana</name>
  <name>Bolivija</name>
  <name>Borislav</name>
  <name>Borko</name>
  <name>Borna</name>
  <name>Boro</name>
  <name>Bosna i Hercegovina</name>
  <name>Boško</name>
  <name>Božena</name>
  <name>Božica</name>
  <name>Božićni otok</name>
  <name>Božidar</name>
  <name>Božo</name>
  <name>Branimir</name>
  <name>Branimira</name>
  <name>Branislav</name>
  <name>Branka</name>
  <name>Brankica</name>
  <name>Branko</name>
  <name>Brazil</name>
  <name>Britanski Djevičanski otoci</name>
  <name>Britanski Indijskooceanski teritorij</name>
  <name>Bruna</name>
  <name>Brunej</name>
  <name>Bugarska</name>
  <name>Burkina Faso</name>
  <name>Burma</name>
  <name>Burundi</name>
  <name>Butan</name>
  <name>Cecilija</name>
  <name>Centralna Amerika</name>
  <name>Ceuta i Melilla</name>
  <name>Cila</name>
  <name>Cipar</name>
  <name>Cookovi Otoci</name>
  <name>Crna Gora</name>
  <name>Curaçao</name>
  <name>Cvijeta</name>
  <name>Cvita</name>
  <name>Čad</name>
  <name>Čajkovski</name>
  <name>Češka</name>
  <name>Češka Republika</name>
  <name>Čile</name>
  <name>Dajana</name>
  <name>Dalibor</name>
  <name>Daliborka</name>
  <name>Damir</name>
  <name>Damjan</name>
  <name>Danica</name>
  <name>Danijel</name>
  <name>Danijela</name>
  <name>Danilo</name>
  <name>Danska</name>
  <name>Daria</name>
  <name>Darija</name>
  <name>Darijo</name>
  <name>Darinka</name>
  <name>Darko</name>
  <name>Davor</name>
  <name>Davorin</name>
  <name>Davorka</name>
  <name>Dejan</name>
  <name>Dejana</name>
  <name>Demokratska Republika Kongo</name>
  <name>Denis</name>
  <name>Diego Garcia</name>
  <name>Dijana</name>
  <name>Dinko</name>
  <name>Dino</name>
  <name>Dmitar</name>
  <name>Dobroslav</name>
  <name>Domagoj</name>
  <name>Dominik</name>
  <name>Dominika</name>
  <name>Dominikanska Republika</name>
  <name>Dorijan</name>
  <name>Dorotea</name>
  <name>Doroteja</name>
  <name>Dostojevski</name>
  <name>DR Kongo</name>
  <name>Draga</name>
  <name>Dragan</name>
  <name>Dragana</name>
  <name>Dragica</name>
  <name>Drago</name>
  <name>Dragomir</name>
  <name>Dragoslav</name>
  <name>Dragutin</name>
  <name>Draško</name>
  <name>Dražen</name>
  <name>Draženka</name>
  <name>Dubravka</name>
  <name>Dubravko</name>
  <name>Dunja</name>
  <name>Dušan</name>
  <name>Dušana</name>
  <name>Duško</name>
  <name>Džibuti</name>
  <name>Edi</name>
  <name>Edita</name>
  <name>Egipat</name>
  <name>Ekvador</name>
  <name>Ekvatorska Gvineja</name>
  <name>Eleonora</name>
  <name>Elizabeta</name>
  <name>Ema</name>
  <name>Emanuela</name>
  <name>Emilija</name>
  <name>Eritreja</name>
  <name>Ervin</name>
  <name>Estonija</name>
  <name>Esvatini</name>
  <name>Etiopija</name>
  <name>Eugen</name>
  <name>Europa</name>
  <name>Europska unija</name>
  <name>eurozona</name>
  <name>Fabijan</name>
  <name>Falklandski otoci</name>
  <name>Farski otoci</name>
  <name>Fidži</name>
  <name>Filip</name>
  <name>Filipa</name>
  <name>Filipini</name>
  <name>Finka</name>
  <name>Finska</name>
  <name>Fjodor Dostojevski</name>
  <name>Fjodor Mihajlovič Dostojevski</name>
  <name>Florijan</name>
  <name>Francuska</name>
  <name>Francuska Gijana</name>
  <name>Francuska Polinezija</name>
  <name>Francuski južni i antarktički teritoriji</name>
  <name>Frane</name>
  <name>Franka</name>
  <name>Franko</name>
  <name>Frano</name>
  <name>Franjo</name>
  <name>Gabon</name>
  <name>Gabriela</name>
  <name>Gabrijel</name>
  <name>Gabrijela</name>
  <name>Gambija</name>
  <name>Gana</name>
  <name>Gibraltar</name>
  <name>Goranka</name>
  <name>Gordan</name>
  <name>Gordana</name>
  <name>Grčka</name>
  <name>Grenada</name>
  <name>Grenland</name>
  <name>Grga</name>
  <name>Grgur</name>
  <name>Gruzija</name>
  <name>Guadalupe</name>
  <name>Guam</name>
  <name>Guernsey</name>
  <name>Gvajana</name>
  <name>Gvatemala</name>
  <name>Gvineja</name>
  <name>Gvineja Bisau</name>
  <name>Haiti</name>
  <name>Honduras</name>
  <name>Hong Kong</name>
  <name>Hrvatska</name>
  <name>Hrvoje</name>
  <name>Ida</name>
  <name>Ilija</name>
  <name>Ilinka</name>
  <name>Ina</name>
  <name>Indija</name>
  <name>Indonezija</name>
  <name>Irak</name>
  <name>Iran</name>
  <name>Irena</name>
  <name>Irska</name>
  <name>Iskra</name>
  <name>Island</name>
  <name>Istočna Afrika</name>
  <name>Istočna Azija</name>
  <name>Istočna Europa</name>
  <name>Istočni Timor</name>
  <name>Italija</name>
  <name>Iva</name>
  <name>Ivanka</name>
  <name>Ivica</name>
  <name>Ivka</name>
  <name>Ivona</name>
  <name>Izrael</name>
  <name>Jadran</name>
  <name>Jadranka</name>
  <name>Jadranko</name>
  <name>Jaga</name>
  <name>Jagoda</name>
  <name>Jakov</name>
  <name>Jakša</name>
  <name>Jamajka</name>
  <name>Janko</name>
  <name>Janja</name>
  <name>Japan</name>
  <name>Jasmina</name>
  <name>Jasminka</name>
  <name>Jasna</name>
  <name>Javor</name>
  <name>Jela</name>
  <name>Jelena</name>
  <name>Jelica</name>
  <name>Jelka</name>
  <name>Jemen</name>
  <name>Jerko</name>
  <name>Jeronim</name>
  <name>Jersey</name>
  <name>Jolanda</name>
  <name>Jordan</name>
  <name>Josip</name>
  <name>Josipa</name>
  <name>Joso</name>
  <name>Joško</name>
  <name>Jozo</name>
  <name>Jožica</name>
  <name>Jugoistočna Azija</name>
  <name>Julija</name>
  <name>Julijana</name>
  <name>Juraj</name>
  <name>Jure</name>
  <name>Jurica</name>
  <name>Juro</name>
  <name>Južna Afrika</name>
  <name>Južna Amerika</name>
  <name>Južna Azija</name>
  <name>Južna Europa</name>
  <name>Južna Georgija i Južni Sendvički Otoci</name>
  <name>Južna Koreja</name>
  <name>Južni Sudan</name>
  <name>Južnoafrička Republika</name>
  <name>Kajmanski otoci</name>
  <name>Kambodža</name>
  <name>Kamerun</name>
  <name>Kanada</name>
  <name>Kanarski otoci</name>
  <name>Karibi</name>
  <name>Karipski otoci Nizozemske</name>
  <name>Karla</name>
  <name>Karlo</name>
  <name>Karmela</name>
  <name>Karmen</name>
  <name>Kata</name>
  <name>Katar</name>
  <name>Katica</name>
  <name>Kazahstan</name>
  <name>Keelingovi otoci</name>
  <name>Kenija</name>
  <name>Kina</name>
  <name>Kirgistan</name>
  <name>Kiribati</name>
  <name>Klaudija</name>
  <name>Klaudio</name>
  <name>Klementina</name>
  <name>Kokosovi otoci</name>
  <name>Kolumbija</name>
  <name>Komori</name>
  <name>Kongo</name>
  <name>Kongo-Brazzaville</name>
  <name>Kongo-Kinshasa</name>
  <name>Kosovo</name>
  <name>Kostarika</name>
  <name>Krešimir</name>
  <name>Krešimira</name>
  <name>Krešo</name>
  <name>Kristijan</name>
  <name>Kristofor</name>
  <name>Krsto</name>
  <name>Kruno</name>
  <name>Krunoslav</name>
  <name>Ksenija</name>
  <name>Kuba</name>
  <name>Kuvajt</name>
  <name>Ladislav</name>
  <name>Laos</name>
  <name>Larisa</name>
  <name>Latinska Amerika</name>
  <name>Latvija</name>
  <name>Lav Nikolajevič Tolstoj</name>
  <name>Lav Tolstoj</name>
  <name>Lesoto</name>
  <name>Libanon</name>
  <name>Liberija</name>
  <name>Libija</name>
  <name>Lidija</name>
  <name>Lihtenštajn</name>
  <name>Litva</name>
  <name>Lovre</name>
  <name>Lovrenco</name>
  <name>Lovro</name>
  <name>Lucija</name>
  <name>Lucijan</name>
  <name>Luksemburg</name>
  <name>Ljerka</name>
  <name>Ljiljana</name>
  <name>Ljuba</name>
  <name>Ljuban</name>
  <name>Ljubica</name>
  <name>Ljubo</name>
  <name>Ljubomir</name>
  <name>Madagaskar</name>
  <name>Mađarska</name>
  <name>Magda</name>
  <name>Majda</name>
  <name>Makao</name>
  <name>Malavi</name>
  <name>Maldivi</name>
  <name>Malezija</name>
  <name>Mali</name>
  <name>Mali udaljeni otoci SAD-a</name>
  <name>Malta</name>
  <name>Malvini otoci</name>
  <name>Manda</name>
  <name>Mandica</name>
  <name>Mare</name>
  <name>Marija</name>
  <name>Marijan</name>
  <name>Marijana</name>
  <name>Marijo</name>
  <name>Marin</name>
  <name>Marinela</name>
  <name>Marinko</name>
  <name>Marjana</name>
  <name>Maroko</name>
  <name>Maršalovi Otoci</name>
  <name>Martina</name>
  <name>Martinique</name>
  <name>Maša</name>
  <name>Matea</name>
  <name>Matej</name>
  <name>Mateja</name>
  <name>Mateo</name>
  <name>Matija</name>
  <name>Matko</name>
  <name>Mato</name>
  <name>Mauretanija</name>
  <name>Mauricijus</name>
  <name>Mayotte</name>
  <name>Meksiko</name>
  <name>Melanezija</name>
  <name>Mihael</name>
  <name>Mihaela</name>
  <name>Mihajlo</name>
  <name>Miho</name>
  <name>Mihovil</name>
  <name>Mijo</name>
  <name>Mikronezija</name>
  <name>Mikronezijsko područje</name>
  <name>Mila</name>
  <name>Milana</name>
  <name>Milanka</name>
  <name>Mile</name>
  <name>Milenko</name>
  <name>Milica</name>
  <name>Milivoj</name>
  <name>Milka</name>
  <name>Milorad</name>
  <name>Miloš</name>
  <name>Miljenko</name>
  <name>Miodrag</name>
  <name>Mirela</name>
  <name>Mirjam</name>
  <name>Mirjana</name>
  <name>Mirko</name>
  <name>Mirna</name>
  <name>Miro</name>
  <name>Miroslav</name>
  <name>Miroslava</name>
  <name>Mirta</name>
  <name>Mislav</name>
  <name>Mjanmar</name>
  <name>Mladen</name>
  <name>Mladenka</name>
  <name>Mojca</name>
  <name>Moldavija</name>
  <name>Monako</name>
  <name>Mongolija</name>
  <name>Montserrat</name>
  <name>Morana</name>
  <name>Mozambik</name>
  <name>Nadica</name>
  <name>Naida</name>
  <name>Namibija</name>
  <name>Natalija</name>
  <name>Nataša</name>
  <name>Nauru</name>
  <name>Nebojša</name>
  <name>Neda</name>
  <name>Nedeljka</name>
  <name>Nedeljko</name>
  <name>Nediljka</name>
  <name>Nediljko</name>
  <name>Nedjeljka</name>
  <name>Nedjeljko</name>
  <name>Nela</name>
  <name>Nenad</name>
  <name>Neno</name>
  <name>Nensi</name>
  <name>Nepal</name>
  <name>Neven</name>
  <name>Nevena</name>
  <name>Nevenka</name>
  <name>Niger</name>
  <name>Nigerija</name>
  <name>Nikaragva</name>
  <name>Nikica</name>
  <name>Niko</name>
  <name>Nikolina</name>
  <name>Nikša</name>
  <name>Niue</name>
  <name>Nives</name>
  <name>Nizozemska</name>
  <name>Norveška</name>
  <name>Nova Kaledonija</name>
  <name>Novi Zeland</name>
  <name>Njemačka</name>
  <name>Obala Bjelokosti</name>
  <name>Oceanija</name>
  <name>Ognjan</name>
  <name>Ognjen</name>
  <name>Olgica</name>
  <name>Olivera</name>
  <name>Oman</name>
  <name>Otoci Heard i McDonald</name>
  <name>Otoci Pitcairn</name>
  <name>Otoci Turks i Caicos</name>
  <name>Otok Ascension</name>
  <name>Otok Bouvet</name>
  <name>Otok Clipperton</name>
  <name>Otok Man</name>
  <name>Otok Norfolk</name>
  <name>Pakistan</name>
  <name>Palau</name>
  <name>Palestina</name>
  <name>Palestinsko područje</name>
  <name>Panama</name>
  <name>Papua Nova Gvineja</name>
  <name>Paragvaj</name>
  <name>Peru</name>
  <name>Petar Čajkovski</name>
  <name>Petar Iljič Čajkovski</name>
  <name>Polinezija</name>
  <name>Poljska</name>
  <name>Portoriko</name>
  <name>Portugal</name>
  <name>PUP Hong Kong Kina</name>
  <name>PUP Makao Kina</name>
  <name>Republika Kongo</name>
  <name>Réunion</name>
  <name>Ruanda</name>
  <name>Rumunjska</name>
  <name>Rusija</name>
  <name>SAD</name>
  <name>Saint Barthélemy</name>
  <name>Saint Martin</name>
  <name>Saint-Pierre-et-Miquelon</name>
  <name>Salomonski Otoci</name>
  <name>Salvador</name>
  <name>Samoa</name>
  <name>San Marino</name>
  <name>Saudijska Arabija</name>
  <name>Sejšeli</name>
  <name>Senegal</name>
  <name>Sijera Leone</name>
  <name>Singapur</name>
  <name>Sint Maarten</name>
  <name>Sirija</name>
  <name>Sjedinjene Američke Države</name>
  <name>Sjeverna Afrika</name>
  <name>Sjeverna Amerika</name>
  <name>Sjeverna Europa</name>
  <name>Sjeverna Koreja</name>
  <name>Sjeverna Makedonija</name>
  <name>Sjevernoamerički kontinent</name>
  <name>Sjevernomarijanski otoci</name>
  <name>Slovačka</name>
  <name>Slovenija</name>
  <name>Solženjicin</name>
  <name>Somalija</name>
  <name>Srbija</name>
  <name>Središnja Afrika</name>
  <name>Srednja Azija</name>
  <name>Srednjoafrička Republika</name>
  <name>Subsaharska Afrika</name>
  <name>Sudan</name>
  <name>Surinam</name>
  <name>Svalbard i Jan Mayen</name>
  <name>Svazi</name>
  <name>Sveta Helena</name>
  <name>Sveta Lucija</name>
  <name>Sveti Kristofor i Nevis</name>
  <name>Sveti Toma i Princip</name>
  <name>Sveti Vincent i Grenadini</name>
  <name>Španjolska</name>
  <name>Šri Lanka</name>
  <name>Švedska</name>
  <name>Švicarska</name>
  <name>Tadžikistan</name>
  <name>Tajland</name>
  <name>Tajvan</name>
  <name>Tanzanija</name>
  <name>Timor-Leste</name>
  <name>Togo</name>
  <name>Tokelau</name>
  <name>Tolstoj</name>
  <name>Tonga</name>
  <name>Trinidad i Tobago</name>
  <name>Tristan da Cunha</name>
  <name>Tunis</name>
  <name>Turkmenistan</name>
  <name>Turska</name>
  <name>Tuvalu</name>
  <name>Uganda</name>
  <name>Ujedinjeni Arapski Emirati</name>
  <name>Ujedinjeni narodi</name>
  <name>Ujedinjeno Kraljevstvo</name>
  <name>UK</name>
  <name>Ukrajina</name>
  <name>UN</name>
  <name>Urugvaj</name>
  <name>Uzbekistan</name>
  <name>Vanuatu</name>
  <name>Vanjska područja Oceanije</name>
  <name>Vatikanski Grad</name>
  <name>Venezuela</name>
  <name>Vijetnam</name>
  <name>Wallis i Futuna</name>
  <name>Zair</name>
  <name>Zambija</name>
  <name>Zapadna Afrika</name>
  <name>Zapadna Azija</name>
  <name>Zapadna Europa</name>
  <name>Zapadna Sahara</name>
  <name>Zelenortska Republika</name>
  <name>Zimbabve</name>
</names>