﻿<?xml version="1.0" encoding="utf-8"?>
<names>
  <name>Adrijana</name>
  <name>Agata</name>
  <name>Agneza</name>
  <name>Aleksandar</name>
  <name>Aleksandra</name>
  <name>Alen</name>
  <name>Aljoša</name>
  <name>Alma</name>
  <name>Alojz</name>
  <name>Alojzija</name>
  <name>Alojzije</name>
  <name>Amalija</name>
  <name>Anamarija</name>
  <name>Anastazija</name>
  <name>Andrej</name>
  <name>Andreja</name>
  <name>Andrija</name>
  <name>Andrijana</name>
  <name>Andro</name>
  <name>Anica</name>
  <name>Anka</name>
  <name>Ankica</name>
  <name>Ante</name>
  <name>Antica</name>
  <name>Anto</name>
  <name>Antonela</name>
  <name>Antonija</name>
  <name>Antonijo</name>
  <name>Antun</name>
  <name>Barica</name>
  <name>Bartol</name>
  <name>Bartolomej</name>
  <name>Berislav</name>
  <name>Bernarda</name>
  <name>Biljana</name>
  <name>Biserka</name>
  <name>Blago</name>
  <name>Blagoje</name>
  <name>Blanka</name>
  <name>Blaž</name>
  <name>Blaženka</name>
  <name>Bogdan</name>
  <name>Bojan</name>
  <name>Bojana</name>
  <name>Borislav</name>
  <name>Borko</name>
  <name>Borna</name>
  <name>Boro</name>
  <name>Boško</name>
  <name>Božena</name>
  <name>Božica</name>
  <name>Božidar</name>
  <name>Božo</name>
  <name>Branimir</name>
  <name>Branimira</name>
  <name>Branislav</name>
  <name>Branka</name>
  <name>Brankica</name>
  <name>Branko</name>
  <name>Bruna</name>
  <name>Cecilija</name>
  <name>Cila</name>
  <name>Cvijeta</name>
  <name>Cvita</name>
  <name>Dajana</name>
  <name>Dalibor</name>
  <name>Daliborka</name>
  <name>Damir</name>
  <name>Damjan</name>
  <name>Danica</name>
  <name>Danijel</name>
  <name>Danijela</name>
  <name>Danilo</name>
  <name>Daria</name>
  <name>Darija</name>
  <name>Darijo</name>
  <name>Darinka</name>
  <name>Darko</name>
  <name>Davor</name>
  <name>Davorin</name>
  <name>Davorka</name>
  <name>Dejan</name>
  <name>Dejana</name>
  <name>Denis</name>
  <name>Dijana</name>
  <name>Dinko</name>
  <name>Dino</name>
  <name>Dmitar</name>
  <name>Dobroslav</name>
  <name>Domagoj</name>
  <name>Dominik</name>
  <name>Dorijan</name>
  <name>Dorotea</name>
  <name>Doroteja</name>
  <name>Draga</name>
  <name>Dragan</name>
  <name>Dragana</name>
  <name>Dragica</name>
  <name>Drago</name>
  <name>Dragomir</name>
  <name>Dragoslav</name>
  <name>Dragutin</name>
  <name>Draško</name>
  <name>Dražen</name>
  <name>Draženka</name>
  <name>Dubravka</name>
  <name>Dubravko</name>
  <name>Dunja</name>
  <name>Dušan</name>
  <name>Dušana</name>
  <name>Duško</name>
  <name>Edi</name>
  <name>Edita</name>
  <name>Eleonora</name>
  <name>Elizabeta</name>
  <name>Ema</name>
  <name>Emanuela</name>
  <name>Emilija</name>
  <name>Ervin</name>
  <name>Eugen</name>
  <name>Fabijan</name>
  <name>Filip</name>
  <name>Filipa</name>
  <name>Finka</name>
  <name>Florijan</name>
  <name>Frane</name>
  <name>Franjo</name>
  <name>Franka</name>
  <name>Franko</name>
  <name>Frano</name>
  <name>Gabriela</name>
  <name>Gabrijel</name>
  <name>Gabrijela</name>
  <name>Goranka</name>
  <name>Gordan</name>
  <name>Gordana</name>
  <name>Grga</name>
  <name>Grgur</name>
  <name>Hrvoje</name>
  <name>Ida</name>
  <name>Ilija</name>
  <name>Ilinka</name>
  <name>Ina</name>
  <name>Irena</name>
  <name>Iskra</name>
  <name>Iva</name>
  <name>Ivanka</name>
  <name>Ivica</name>
  <name>Ivka</name>
  <name>Ivona</name>
  <name>Jadran</name>
  <name>Jadranka</name>
  <name>Jadranko</name>
  <name>Jaga</name>
  <name>Jagoda</name>
  <name>Jakov</name>
  <name>Jakša</name>
  <name>Janja</name>
  <name>Janko</name>
  <name>Jasmina</name>
  <name>Jasminka</name>
  <name>Jasna</name>
  <name>Javor</name>
  <name>Jela</name>
  <name>Jelena</name>
  <name>Jelica</name>
  <name>Jelka</name>
  <name>Jerko</name>
  <name>Jeronim</name>
  <name>Jolanda</name>
  <name>Josip</name>
  <name>Josipa</name>
  <name>Joško</name>
  <name>Joso</name>
  <name>Jožica</name>
  <name>Jozo</name>
  <name>Julija</name>
  <name>Julijana</name>
  <name>Juraj</name>
  <name>Jure</name>
  <name>Jurica</name>
  <name>Juro</name>
  <name>Karla</name>
  <name>Karlo</name>
  <name>Karmela</name>
  <name>Karmen</name>
  <name>Kata</name>
  <name>Katica</name>
  <name>Klaudija</name>
  <name>Klaudio</name>
  <name>Klementina</name>
  <name>Krešimir</name>
  <name>Krešimira</name>
  <name>Krešo</name>
  <name>Kristijan</name>
  <name>Kristofor</name>
  <name>Krsto</name>
  <name>Kruno</name>
  <name>Krunoslav</name>
  <name>Ksenija</name>
  <name>Ladislav</name>
  <name>Larisa</name>
  <name>Lidija</name>
  <name>Ljerka</name>
  <name>Ljiljana</name>
  <name>Ljuba</name>
  <name>Ljuban</name>
  <name>Ljubica</name>
  <name>Ljubo</name>
  <name>Ljubomir</name>
  <name>Lovre</name>
  <name>Lovrenco</name>
  <name>Lovro</name>
  <name>Lucija</name>
  <name>Lucijan</name>
  <name>Magda</name>
  <name>Majda</name>
  <name>Manda</name>
  <name>Mandica</name>
  <name>Mare</name>
  <name>Marija</name>
  <name>Marijan</name>
  <name>Marijana</name>
  <name>Marijo</name>
  <name>Marin</name>
  <name>Marinela</name>
  <name>Marinko</name>
  <name>Marjana</name>
  <name>Martina</name>
  <name>Maša</name>
  <name>Matea</name>
  <name>Matej</name>
  <name>Mateja</name>
  <name>Mateo</name>
  <name>Matija</name>
  <name>Matko</name>
  <name>Mato</name>
  <name>Mihael</name>
  <name>Mihaela</name>
  <name>Mihajlo</name>
  <name>Miho</name>
  <name>Mihovil</name>
  <name>Mijo</name>
  <name>Mila</name>
  <name>Milana</name>
  <name>Milanka</name>
  <name>Mile</name>
  <name>Milenko</name>
  <name>Milica</name>
  <name>Milivoj</name>
  <name>Miljenko</name>
  <name>Milka</name>
  <name>Milorad</name>
  <name>Miloš</name>
  <name>Miodrag</name>
  <name>Mirela</name>
  <name>Mirjam</name>
  <name>Mirjana</name>
  <name>Mirko</name>
  <name>Mirna</name>
  <name>Miro</name>
  <name>Miroslav</name>
  <name>Miroslava</name>
  <name>Mirta</name>
  <name>Mislav</name>
  <name>Mladen</name>
  <name>Mladenka</name>
  <name>Mojca</name>
  <name>Morana</name>
  <name>Nadica</name>
  <name>Naida</name>
  <name>Natalija</name>
  <name>Nataša</name>
  <name>Nebojša</name>
  <name>Neda</name>
  <name>Nedeljka</name>
  <name>Nedeljko</name>
  <name>Nediljka</name>
  <name>Nediljko</name>
  <name>Nedjeljka</name>
  <name>Nedjeljko</name>
  <name>Nela</name>
  <name>Nenad</name>
  <name>Neno</name>
  <name>Nensi</name>
  <name>Neven</name>
  <name>Nevena</name>
  <name>Nevenka</name>
  <name>Nikica</name>
  <name>Niko</name>
  <name>Nikolina</name>
  <name>Nikša</name>
  <name>Nives</name>
  <name>Ognjan</name>
  <name>Ognjen</name>
  <name>Olgica</name>
  <name>Olivera</name>
</names>